title,description,published date,publisher,keyword,cleanurl,author,indivauthor,Type
"In fantasy sports, professor has a statistical advantage - UW Magazine","In fantasy sports, professor has a statistical advantage  UW Magazine","Sat, 01 Sep 2007 07:00:00 GMT","{'href': 'https://magazine.washington.edu', 'title': 'UW Magazine'}",hockey+statistics,https://magazine.washington.edu/in-fantasy-sports-professor-has-a-statistical-advantage/,Columns Staff,N,News
THE PROBLEM WITH HOCKEY STATS AND SPORTSWRITERS - Edmonton Journal,THE PROBLEM WITH HOCKEY STATS AND SPORTSWRITERS  Edmonton Journal,"Mon, 17 Mar 2008 07:00:00 GMT","{'href': 'https://edmontonjournal.com', 'title': 'Edmonton Journal'}",hockey+statistics,https://edmontonjournal.com/sports/hockey/nhl/cult-of-hockey/the-problem-with-hockey-stats-and-sportswriters,David Staples,Y,News
"Attention, hockey nerds: An interview with Hockey-Reference.com's Justin Kubatko - Yahoo Sports","Attention, hockey nerds: An interview with Hockey-Reference.com's Justin Kubatko  Yahoo Sports","Thu, 24 Apr 2008 07:00:00 GMT","{'href': 'https://sports.yahoo.com', 'title': 'Yahoo Sports'}",hockey+statistics,https://sports.yahoo.com/blogs/nhl-puck-daddy/attention-hockey-nerds-interview-hockey-reference-coms-justin--nhl.html,Greg Wyshynski,Y,Blog
Utilizing the Defenseman’s “Off” Hand: A Discussion of Theory and an Empirical Review - The Sport Journal,Utilizing the Defenseman’s “Off” Hand: A Discussion of Theory and an Empirical Review  The Sport Journal,"Wed, 02 Apr 2008 07:00:00 GMT","{'href': 'https://thesportjournal.org', 'title': 'The Sport Journal'}",hockey+statistics,https://thesportjournal.org/article/utilizing-the-defensemans-off-hand-a-discussion-of-theory-and-an-empirical-review/,U.S. Sports Academy,Y,News
STATISTICS DON'T TELL THE WHOLE STORY OF HOCKEY - Edmonton Journal,STATISTICS DON'T TELL THE WHOLE STORY OF HOCKEY  Edmonton Journal,"Mon, 21 Apr 2008 07:00:00 GMT","{'href': 'https://edmontonjournal.com', 'title': 'Edmonton Journal'}",hockey+statistics,https://edmontonjournal.com/sports/hockey/nhl/cult-of-hockey/statistics-dont-tell-the-whole-story-of-hockey,David Staples,Y,News
HOW ACCURATE IS THE NHL'S PLUS/MINUS STATISTIC? - Edmonton Journal,HOW ACCURATE IS THE NHL'S PLUS/MINUS STATISTIC?  Edmonton Journal,"Tue, 29 Apr 2008 07:00:00 GMT","{'href': 'https://edmontonjournal.com', 'title': 'Edmonton Journal'}",hockey+statistics,https://edmontonjournal.com/sports/hockey/nhl/cult-of-hockey/how-accurate-is-the-nhls-plusminus-statistic,David Staples,Y,News
HOW MUCH CAN WE TRUST STATS FROM PRE-REPLAY ERA? - Edmonton Journal,HOW MUCH CAN WE TRUST STATS FROM PRE-REPLAY ERA?  Edmonton Journal,"Mon, 23 Jun 2008 07:00:00 GMT","{'href': 'https://edmontonjournal.com', 'title': 'Edmonton Journal'}",hockey+statistics,https://edmontonjournal.com/sports/hockey/nhl/cult-of-hockey/how-much-can-we-trust-stats-from-pre-replay-era,David Staples,Y,News
"Hockey ain’t Baseball, stats-lovers - Oilers Nation","Hockey ain’t Baseball, stats-lovers  Oilers Nation","Sat, 24 Jan 2009 08:00:00 GMT","{'href': 'https://oilersnation.com', 'title': 'Oilers Nation'}",hockey+analytics,https://oilersnation.com/news/hockey-aint-baseball,Jason Gregor,Y,Blog
"WHY PLUS/MINUS IS A ROTTEN, USELESS, MISLEADING AND IRRELEVANT STAT FOR NHL PLAYERS - Edmonton Journal",Edmonton Journal,"Fri, 03 Oct 2008 07:00:00 GMT","{'href': 'https://ca.sports.yahoo.com', 'title': 'Yahoo Sports Canada'}",hockey+statistics,https://ca.sports.yahoo.com/blogs/nhl-puck-daddy/puck-daddy-chats-dave-hammer-schultz-part-2--nhl.html,Greg Wyshynski,Y,Blog
"Forget the numbers, Gretzky was a good coach - CBC","Forget the numbers, Gretzky was a good coach  CBC","Thu, 24 Sep 2009 07:00:00 GMT","{'href': 'https://www.cbc.ca', 'title': 'CBC'}",hockey+statistics,https://www.cbc.ca/sports/hockey/forget-the-numbers-gretzky-was-a-good-coach-1.855685,Scott Morrison,Y,News
"Dustin Penner, the poster boy for advanced stats - Edmonton Journal","Dustin Penner, the poster boy for advanced stats  Edmonton Journal","Sun, 01 Nov 2009 07:00:00 GMT","{'href': 'https://edmontonjournal.com', 'title': 'Edmonton Journal'}",hockey+statistics,https://edmontonjournal.com/sports/hockey/nhl/cult-of-hockey/dustin-penner-the-poster-boy-for-advanced-stats,David Staples,Y,News
"Actually, the refs are biased against your team (on the road) - Yahoo Sports Canada","Actually, the refs are biased against your team (on the road)  Yahoo Sports Canada","Mon, 30 Nov 2009 08:00:00 GMT","{'href': 'https://ca.sports.yahoo.com', 'title': 'Yahoo Sports Canada'}",hockey+statistics,https://ca.sports.yahoo.com/blogs/nhl-puck-daddy/actually-refs-biased-against-team-road--nhl.html,Greg Wyshynski,Y,Blog
The NHL Work Week: Why there are fewer goals on Mondays than there are on Tuesdays - Daily Faceoff,The NHL Work Week: Why there are fewer goals on Mondays than there are on Tuesdays  Daily Faceoff,"Wed, 16 Dec 2009 08:00:00 GMT","{'href': 'https://www.dailyfaceoff.com', 'title': 'Daily Faceoff'}",hockey+statistics,https://www.dailyfaceoff.com/news/the-nhl-work-week-why-there-are-fewer-goals-on-mondays-than-there-are-on-tuesdays,Jeff Tay,Y,Website
How to grade hockey players in a single game - Edmonton Journal,How to grade hockey players in a single game  Edmonton Journal,"Sat, 13 Mar 2010 08:00:00 GMT","{'href': 'https://edmontonjournal.com', 'title': 'Edmonton Journal'}",hockey+statistics,https://edmontonjournal.com/sports/hockey/nhl/cult-of-hockey/how-to-grade-hockey-players-in-a-single-game,David Staples,Y,News
Cherry to Corsi: ’Get off my lawn’ - Macleans.ca,Cherry to Corsi: ’Get off my lawn’  Macleans.ca,"Sun, 28 Mar 2010 07:00:00 GMT","{'href': 'https://macleans.ca', 'title': 'Macleans.ca'}",hockey+statistics,https://macleans.ca/uncategorized/cherry-to-corsi-get-off-my-lawn/,Colby Cosh,Y,News
Jim Corsi: The man behind Corsi numbers - NBC Sports,Jim Corsi: The man behind Corsi numbers  NBC Sports,"Fri, 30 Apr 2010 07:00:00 GMT","{'href': 'https://www.nbcsports.com', 'title': 'NBC Sports'}",hockey+statistics,https://www.nbcsports.com/nhl/news/jim-corsi-the-man-behind-corsi-numbers,James OBrien,Y,News
"Interview with Jim Corsi, NHL statistical innovator, Sabres goalie coach. - Edmonton Journal","Interview with Jim Corsi, NHL statistical innovator, Sabres goalie coach.  Edmonton Journal","Thu, 29 Apr 2010 07:00:00 GMT","{'href': 'https://edmontonjournal.com', 'title': 'Edmonton Journal'}",hockey+statistics,https://edmontonjournal.com/sports/hockey/nhl/cult-of-hockey/interview-with-jim-corsi-nhl-statistical-innovator-sabres-goalie-coach,David Staples,Y,News
"The average NHL scoring sequence is 12.6 seconds long, Cult of Hockey study reveals. - Edmonton Journal","The average NHL scoring sequence is 12.6 seconds long, Cult of Hockey study reveals.  Edmonton Journal","Wed, 19 May 2010 07:00:00 GMT","{'href': 'https://edmontonjournal.com', 'title': 'Edmonton Journal'}",hockey+statistics,https://edmontonjournal.com/sports/hockey/nhl/cult-of-hockey/the-average-nhl-scoring-sequence-is-12-6-seconds-long-cult-of-hockey-study-reveals,David Staples,Y,News
Tom Thompson's Blog: Five points to understand the plus-minus stat - The Hockey News,Tom Thompson's Blog: Five points to understand the plus-minus stat  The Hockey News,"Wed, 27 Oct 2010 07:00:00 GMT","{'href': 'https://thehockeynews.com', 'title': 'The Hockey News'}",hockey+statistics,https://thehockeynews.com/news/news/tom-thompsons-blog-five-points-to-understand-the-plus-minus-stat,Tom Thompson,Y,Website
Advanced Stats Overview - Canucks Army,Advanced Stats Overview  Canucks Army,"Sat, 09 Oct 2010 07:00:00 GMT","{'href': 'https://canucksarmy.com', 'title': 'Canucks Army'}",hockey+statistics,https://canucksarmy.com/news/advanced-stats-overview,Kent Wilson,Y,Blog
The scoring chance stat is the goal standard for rating players in a single game - Edmonton Journal,The scoring chance stat is the goal standard for rating players in a single game  Edmonton Journal,"Fri, 08 Oct 2010 07:00:00 GMT","{'href': 'https://edmontonjournal.com', 'title': 'Edmonton Journal'}",hockey+statistics,https://edmontonjournal.com/sports/hockey/nhl/cult-of-hockey/the-scoring-chance-stat-is-the-goal-standard-for-rating-players-in-a-single-game,David Staples,Y,News
How Billy Moores of the Oilers (and other coaches) have used advanced stats for decades - Edmonton Journal,How Billy Moores of the Oilers (and other coaches) have used advanced stats for decades  Edmonton Journal,"Fri, 05 Nov 2010 07:00:00 GMT","{'href': 'https://edmontonjournal.com', 'title': 'Edmonton Journal'}",hockey+statistics,https://edmontonjournal.com/sports/hockey/nhl/cult-of-hockey/how-billy-moores-of-the-oilers-and-other-coaches-have-used-advanced-stats-for-decades,David Staples,Y,News
Breaking down the draft's 'birthday bias' - ESPN,Breaking down the draft's 'birthday bias'  ESPN,"Wed, 02 Feb 2011 08:00:00 GMT","{'href': 'https://www.espn.com', 'title': 'ESPN'}",hockey+statistics,https://www.espn.com/blog/nhl-draft/insider/post/_/id/212,Alvin Chang,Y,Blog
Roger Neilson and the history and importance of advanced stats in the NHL - Edmonton Journal,Roger Neilson and the history and importance of advanced stats in the NHL  Edmonton Journal,"Fri, 06 May 2011 07:00:00 GMT","{'href': 'https://edmontonjournal.com', 'title': 'Edmonton Journal'}",hockey+statistics,https://edmontonjournal.com/sports/hockey/nhl/cult-of-hockey/roger-neilson-and-the-history-and-importance-of-advanced-stats-in-the-nhl,David Staples,Y,News
Moneypuck for Dummies (and for Smarties): Spotlight on points inflation - Edmonton Journal,Moneypuck for Dummies (and for Smarties): Spotlight on points inflation  Edmonton Journal,"Fri, 23 Mar 2012 07:00:00 GMT","{'href': 'https://edmontonjournal.com', 'title': 'Edmonton Journal'}",hockey+analytics,https://edmontonjournal.com/sports/hockey/nhl/cult-of-hockey/moneypuck-for-dummies-and-for-smarties,David Staples,Y,News
'Tender Touches: An attempt to measure Martin Brodeur's puckhandling impact - Edmonton Journal,'Tender Touches: An attempt to measure Martin Brodeur's puckhandling impact  Edmonton Journal,"Fri, 25 May 2012 07:00:00 GMT","{'href': 'https://edmontonjournal.com', 'title': 'Edmonton Journal'}",hockey+analytics,https://edmontonjournal.com/sports/hockey/nhl/cult-of-hockey/tender-touches-an-attempt-to-measure-martin-brodeurs-puckhandling-impact,Bruce McCurdy,Y,News
Money puck: changing the way we rate NHL players - University of Toronto,Money puck: changing the way we rate NHL players  University of Toronto,"Tue, 01 May 2012 07:00:00 GMT","{'href': 'https://www.utoronto.ca', 'title': 'University of Toronto'}",hockey+analytics,https://www.utoronto.ca/news/money-puck-changing-way-we-rate-nhl-players,Liam Mitchell,Y,Website
Mike Gillis discussed analytics on Vancouver radio station - The Province,Mike Gillis discussed analytics on Vancouver radio station  The Province,"Mon, 23 Jul 2012 07:00:00 GMT","{'href': 'https://theprovince.com', 'title': 'The Province'}",hockey+analytics,https://theprovince.com/sports/hockey/mike-gillis-discussed-analytics-on-vancouver-radio-station,Cam Charron,Y,Website
Founder of Hockeydb.com rules Internet from Springfield - MassLive,Founder of Hockeydb.com rules Internet from Springfield  MassLive,"Mon, 26 Dec 2011 08:00:00 GMT","{'href': 'https://www.masslive.com', 'title': 'MassLive'}",hockey+statistics,https://www.masslive.com/sports/2011/12/founder_of_hockeydbcom_rules_i.html,Garry Brown,Y,News
What We Learned: In which Capitals Coach Dale Hunter uses plus/minus to bench people - Yahoo Sports,What We Learned: In which Capitals Coach Dale Hunter uses plus/minus to bench people  Yahoo Sports,"Mon, 13 Feb 2012 08:00:00 GMT","{'href': 'https://sports.yahoo.com', 'title': 'Yahoo Sports'}",hockey+statistics,https://sports.yahoo.com/blogs/nhl-puck-daddy/learned-capitals-coach-dale-hunter-uses-plus-minus-144656572.html,Ryan Lambert,Y,Blog
The Statistical History of the 0-0 Shootout - NBC Sports Philadelphia,The Statistical History of the 0-0 Shootout  NBC Sports Philadelphia,"Wed, 08 Feb 2012 08:00:00 GMT","{'href': 'https://www.nbcsportsphiladelphia.com', 'title': 'NBC Sports Philadelphia'}",hockey+statistics,https://www.nbcsportsphiladelphia.com/news/the-statistical-history-of-the-0-0-shootout/308684/,NBC Sports Philadelphia,N,News
How Scoring Chances Should Be Counted - Edmonton Journal,How Scoring Chances Should Be Counted  Edmonton Journal,"Fri, 06 Apr 2012 07:00:00 GMT","{'href': 'https://edmontonjournal.com', 'title': 'Edmonton Journal'}",hockey+statistics,https://edmontonjournal.com/sports/hockey/nhl/cult-of-hockey/how-scoring-chances-should-be-counted,Jonathan Willis,Y,News
AHL to NHL Translations: Save Percentage - Habs Eyes on the Prize,AHL to NHL Translations: Save Percentage  Habs Eyes on the Prize,"Wed, 11 Jul 2012 07:00:00 GMT","{'href': 'https://www.habseyesontheprize.com', 'title': 'Habs Eyes on the Prize'}",hockey+statistics,https://www.habseyesontheprize.com/ahl-to-nhl-translations-save-percentage/,Stephan Cooper,Y,Blog
POP is the Key to Penguins’ Success - The Hockey Writers,POP is the Key to Penguins’ Success  The Hockey Writers,"Thu, 14 Mar 2013 07:00:00 GMT","{'href': 'https://thehockeywriters.com', 'title': 'The Hockey Writers'}",hockey+analytics,https://thehockeywriters.com/pop-key-penguins-scoring/,Mike Colligan,Y,Website
“Analytics Play a Role in Helping you make Decisions” – Mike Gillis - Canucks Army,“Analytics Play a Role in Helping you make Decisions” – Mike Gillis  Canucks Army,"Fri, 22 Mar 2013 07:00:00 GMT","{'href': 'https://canucksarmy.com', 'title': 'Canucks Army'}",hockey+analytics,https://canucksarmy.com/news/analytics-play-a-role-in-helping-you-make-decisions-mike-gillis,Thomas Drance,Y,Blog
Why you should care about analytics - The Province,Why you should care about analytics  The Province,"Sun, 14 Apr 2013 07:00:00 GMT","{'href': 'https://theprovince.com', 'title': 'The Province'}",hockey+analytics,https://theprovince.com/sports/hockey/why-you-should-care-about-analytics,Cam Charron,Y,Website
Northern Ontario man creates hockey version of 'Moneyball' - CBC,Northern Ontario man creates hockey version of 'Moneyball'  CBC,"Wed, 03 Apr 2013 07:00:00 GMT","{'href': 'https://www.cbc.ca', 'title': 'CBC'}",hockey+analytics,https://www.cbc.ca/news/canada/thunder-bay/northern-ontario-man-creates-hockey-version-of-moneyball-1.1380051,CBC News,N,News
"Just how ""horse shit"" is the NHL's official plus-minus stat? - Edmonton Journal","Just how ""horse shit"" is the NHL's official plus-minus stat?  Edmonton Journal","Mon, 13 May 2013 07:00:00 GMT","{'href': 'https://edmontonjournal.com', 'title': 'Edmonton Journal'}",hockey+analytics,https://edmontonjournal.com/sports/hockey/nhl/cult-of-hockey/just-how-horse-shit-is-the-nhls-official-plus-minus-stat,David Staples,Y,News
Proposal: Let’s Ditch Plus-Minus …and Introducing Ice Tilt! - RMNB,Proposal: Let’s Ditch Plus-Minus …and Introducing Ice Tilt!  RMNB,"Wed, 19 Sep 2012 07:00:00 GMT","{'href': 'https://russianmachineneverbreaks.com', 'title': 'RMNB'}",hockey+statistics,https://russianmachineneverbreaks.com/2012/09/19/proposal-lets-ditch-plus-minus-and-introducing-ice-tilt/,Peter Hassett,Y,Blog
Physical play and hits: Why 'hits' is the worst statistic in hockey - CBS Sports,Physical play and hits: Why 'hits' is the worst statistic in hockey  CBS Sports,"Fri, 08 Mar 2013 08:00:00 GMT","{'href': 'https://www.cbssports.com', 'title': 'CBS Sports'}",hockey+statistics,https://www.cbssports.com/nhl/news/physical-play-and-hits-why-hits-is-the-worst-statistic-in-hockey/,Adam Gretz; Min Read; Austin Nivison; Cody Benjamin; Chris Peters,Y,News
Plus/Minus: The Laziest Stat in Hockey? - The Hockey Writers,Plus/Minus: The Laziest Stat in Hockey?  The Hockey Writers,"Fri, 03 May 2013 07:00:00 GMT","{'href': 'https://thehockeywriters.com', 'title': 'The Hockey Writers'}",hockey+statistics,https://thehockeywriters.com/plusminus-the-laziest-stat-in-hockey/,Meesh Shanmugam,Y,Website
What We Learned: Elegy for Joffrey Lupul’s views on advanced hockey stats - Yahoo Sports,What We Learned: Elegy for Joffrey Lupul’s views on advanced hockey stats  Yahoo Sports,"Mon, 08 Jul 2013 07:00:00 GMT","{'href': 'http://sports.yahoo.com', 'title': 'Yahoo Sports'}",hockey+statistics,http://sports.yahoo.com/blogs/nhl-puck-daddy/learned-elegy-joffrey-lupul-views-advanced-hockey-stats-131435216.html,Greg Wyshynski,Y,Blog
Introducing the Shot Quality Project - Sportsnet.ca,Introducing the Shot Quality Project  Sportsnet.ca,"Tue, 22 Oct 2013 07:00:00 GMT","{'href': 'https://www.sportsnet.ca', 'title': 'Sportsnet.ca'}",hockey+analytics,https://www.sportsnet.ca/hockey/nhl/introducing-the-shot-quality-project/,Chris Boyle,Y,Website
Fancystats quietly leading NHL teams to dump the dump-and-chase strategy - Sports Illustrated,Fancystats quietly leading NHL teams to dump the dump-and-chase strategy  Sports Illustrated,"Wed, 15 Jan 2014 08:00:00 GMT","{'href': 'https://www.si.com', 'title': 'Sports Illustrated'}",hockey+analytics,https://www.si.com/nhl/2014/01/15/fancystats-quietly-leading-nhl-teams-to-dump-the-dump-and-chase-strategy,Sam Page,Y,Website
Moneypuck: New tools for scouting with Gus Katsaros - FOX Sports,Moneypuck: New tools for scouting with Gus Katsaros  FOX Sports,"Fri, 21 Feb 2014 08:00:00 GMT","{'href': 'https://www.foxsports.com', 'title': 'FOX Sports'}",hockey+analytics,https://www.foxsports.com/stories/other/moneypuck-new-tools-for-scouting-with-gus-katsaros,Fox Sports,N,News
How NHL scoring rates change with age - SB Nation,How NHL scoring rates change with age  SB Nation,"Thu, 13 Mar 2014 07:00:00 GMT","{'href': 'https://www.sbnation.com', 'title': 'SB Nation'}",hockey+analytics,https://www.sbnation.com/nhl/2014/3/13/5500522/nhl-scoring-stats-rates-age-analysis,Eric Tulsky; Adam Gretz,Y,Blog
What’s a Fenwick? - Octopus Thrower,What’s a Fenwick?  Octopus Thrower,"Mon, 07 Apr 2014 07:00:00 GMT","{'href': 'https://octopusthrower.com', 'title': 'Octopus Thrower'}",hockey+analytics,https://octopusthrower.com/2014/04/07/whats-fenwick/,Ari Zucker,Y,Blog
When NHL players peak: Hockey metrics - CBC,When NHL players peak: Hockey metrics  CBC,"Mon, 19 May 2014 07:00:00 GMT","{'href': 'https://www.cbc.ca', 'title': 'CBC'}",hockey+analytics,https://www.cbc.ca/news/when-nhl-players-peak-hockey-metrics-1.2646054,Daniel Schwartz,Y,News
New Jersey Devils hire one-time Edmonton Oilers blogger as new Director of Analytics - Edmonton Journal,New Jersey Devils hire one-time Edmonton Oilers blogger as new Director of Analytics  Edmonton Journal,"Thu, 12 Jun 2014 07:00:00 GMT","{'href': 'https://edmontonjournal.com', 'title': 'Edmonton Journal'}",hockey+analytics,https://edmontonjournal.com/sports/hockey/nhl/cult-of-hockey/new-jersey-devils-hire-one-time-edmonton-oilers-blogger-as-new-director-of-analytics,Jonathan Willis,Y,News
Kyle Dubas hiring a victory for hockey analytics - CBC,Kyle Dubas hiring a victory for hockey analytics  CBC,"Tue, 22 Jul 2014 07:00:00 GMT","{'href': 'https://www.cbc.ca', 'title': 'CBC'}",hockey+analytics,https://www.cbc.ca/sports/hockey/nhl/kyle-dubas-hiring-a-victory-for-hockey-analytics-1.2714556,Mihira Lakshman,Y,News
"Maple Leafs shake up front office, hire stats guru Kyle Dubas, 28, as assistant GM - Toronto Star","Maple Leafs shake up front office, hire stats guru Kyle Dubas, 28, as assistant GM  Toronto Star","Tue, 22 Jul 2014 07:00:00 GMT","{'href': 'https://www.thestar.com', 'title': 'Toronto Star'}",hockey+analytics,https://www.thestar.com/sports/leafs/maple-leafs-shake-up-front-office-hire-stats-guru-kyle-dubas-28-as-assistant-gm/article_d4c1fbc0-ee57-5c3b-820d-31f24db97126.html,Kevin McGran,Y,News
The value of the first goal - SB Nation,The value of the first goal  SB Nation,"Tue, 22 Oct 2013 07:00:00 GMT","{'href': 'https://www.sbnation.com', 'title': 'SB Nation'}",hockey+statistics,https://www.sbnation.com/nhl/2013/10/22/4830198/nhl-stats-first-goal-value,Eric Tulsky,Y,Blog
Advanced Stats Crash Course: Possession (Part 1) - Flames Nation,Advanced Stats Crash Course: Possession (Part 1)  Flames Nation,"Fri, 27 Dec 2013 08:00:00 GMT","{'href': 'https://flamesnation.ca', 'title': 'Flames Nation'}",hockey+statistics,https://flamesnation.ca/news/advanced-stats-crash-course-possession,Kent Wilson,Y,Blog
"Aaron Clauset: How big data reveals that basketball, football, and hockey are all the same game. - Slate Magazine","Aaron Clauset: How big data reveals that basketball, football, and hockey are all the same game.  Slate Magazine","Thu, 02 Jan 2014 08:00:00 GMT","{'href': 'https://slate.com', 'title': 'Slate Magazine'}",hockey+statistics,https://slate.com/culture/2014/01/aaron-clauset-how-big-data-reveals-that-basketball-football-and-hockey-are-all-the-same-game.html,Joel Warner,Y,Website
Game-Winning Goals: Do They Matter as a Statistic? - The Hockey Writers,Game-Winning Goals: Do They Matter as a Statistic?  The Hockey Writers,"Wed, 15 Jan 2014 08:00:00 GMT","{'href': 'https://thehockeywriters.com', 'title': 'The Hockey Writers'}",hockey+statistics,https://thehockeywriters.com/game-winning-goals-do-they-matter-as-a-statistic/,Meesh Shanmugam,Y,Website
Blues hire stats man Corsi as new goalie coach - Sportsnet.ca,Blues hire stats man Corsi as new goalie coach  Sportsnet.ca,"Tue, 27 May 2014 07:00:00 GMT","{'href': 'https://www.sportsnet.ca', 'title': 'Sportsnet.ca'}",hockey+statistics,https://www.sportsnet.ca/hockey/nhl/st-louis-blues-hire-stats-innovator-jim-corsi-as-goalie-coach/,Mike Johnston,Y,Website
An Introduction To Advanced Hockey Statistics - Broad Street Buzz,An Introduction To Advanced Hockey Statistics  Broad Street Buzz,"Sat, 28 Jun 2014 07:00:00 GMT","{'href': 'https://broadstreetbuzz.com', 'title': 'Broad Street Buzz'}",hockey+statistics,https://broadstreetbuzz.com/2014/06/28/introduction-advanced-hockey-statistics/,Brendan Canney,Y,Blog
Corsi: An Overrated Statistic - The Hockey Writers,Corsi: An Overrated Statistic  The Hockey Writers,"Tue, 22 Jul 2014 07:00:00 GMT","{'href': 'https://thehockeywriters.com', 'title': 'The Hockey Writers'}",hockey+statistics,https://thehockeywriters.com/corsi-an-overrated-statistic/,Andrew Wilson,Y,Website
"Maple Leafs hiring ExtraSkater.com founder, creating analytics department - Yahoo Sports","Maple Leafs hiring ExtraSkater.com founder, creating analytics department  Yahoo Sports","Tue, 19 Aug 2014 07:00:00 GMT","{'href': 'http://sports.yahoo.com', 'title': 'Yahoo Sports'}",hockey+analytics,http://sports.yahoo.com/blogs/nhl-puck-daddy/maple-leafs-hiring-extraskater-com-founder--creating-analytics-department-181332725.html,Ian McLaren,Y,Blog
Capitals' Joel Ward: 'The game is evolving every day and (analytics) are definitely going to be part of it' - theScore,Capitals' Joel Ward: 'The game is evolving every day and (analytics) are definitely going to be part of it'  theScore,"Thu, 21 Aug 2014 07:00:00 GMT","{'href': 'https://www.thescore.com', 'title': 'theScore'}",hockey+analytics,https://www.thescore.com/nhl/news/560184/capitals-joel-ward-the-game-is-evolving-every-day-and-analytics-are-definitely-going-to-be-part-of-it,Thomas Drance,Y,Website
"Stats, analytics are Jim Corsi’s hockey legacy - Toronto Star","Stats, analytics are Jim Corsi’s hockey legacy  Toronto Star","Sun, 10 Aug 2014 07:00:00 GMT","{'href': 'https://www.thestar.com', 'title': 'Toronto Star'}",hockey+analytics,https://www.thestar.com/sports/hockey/stats-analytics-are-jim-corsi-s-hockey-legacy/article_97b3932c-fa5e-57df-b61d-2c0981aadf98.html,Kevin McGran,Y,News
"""Money Puck"" comes to Edmonton, as Oilers hire analytics pioneer Tyler Dellow - Edmonton Journal","""Money Puck"" comes to Edmonton, as Oilers hire analytics pioneer Tyler Dellow  Edmonton Journal","Tue, 05 Aug 2014 07:00:00 GMT","{'href': 'https://edmontonjournal.com', 'title': 'Edmonton Journal'}",hockey+analytics,https://edmontonjournal.com/sports/hockey/nhl/cult-of-hockey/money-puck-comes-to-edmonton-as-oilers-hire-analytics-pioneer-tyler-dellow,Bruce McCurdy,Y,News
Leafs to hire bloggers for new analytics unit - Sportsnet.ca,Leafs to hire bloggers for new analytics unit  Sportsnet.ca,"Tue, 19 Aug 2014 07:00:00 GMT","{'href': 'https://www.sportsnet.ca', 'title': 'Sportsnet.ca'}",hockey+analytics,https://www.sportsnet.ca/hockey/nhl/toronto-maple-leafs-set-to-create-new-analytics-department-with-darryl-metcalf-cam-charron/,Mike Johnston,Y,Website
Advanced stats vs. the old guard: inside the bitter rivalry - The Hockey News,Advanced stats vs. the old guard: inside the bitter rivalry  The Hockey News,"Sun, 31 Aug 2014 07:00:00 GMT","{'href': 'https://thehockeynews.com', 'title': 'The Hockey News'}",hockey+analytics,https://thehockeynews.com/news/news/advanced-stats-vs-the-old-guard-inside-the-bitter-rivalry,Matt Larkin,Y,Website
Edmonton Oilers: Who is Tyler Dellow? - The Hockey Writers,Edmonton Oilers: Who is Tyler Dellow?  The Hockey Writers,"Thu, 07 Aug 2014 07:00:00 GMT","{'href': 'https://thehockeywriters.com', 'title': 'The Hockey Writers'}",hockey+analytics,https://thehockeywriters.com/edmonton-oilers-who-is-tyler-dellow/,Carl Maloney,Y,Website
Oilers hiring move deepens league’s interest in analytics - The Globe and Mail,Oilers hiring move deepens league’s interest in analytics  The Globe and Mail,"Tue, 12 Aug 2014 07:00:00 GMT","{'href': 'https://www.theglobeandmail.com', 'title': 'The Globe and Mail'}",hockey+analytics,https://www.theglobeandmail.com/sports/hockey/oilers-hiring-move-deepens-leagues-interest-in-analytics/article20023848/,James Mirtle,Y,News
Gordon: The nerdification of hockey will bring much-needed accountability - Ottawa Citizen,Gordon: The nerdification of hockey will bring much-needed accountability  Ottawa Citizen,"Wed, 13 Aug 2014 07:00:00 GMT","{'href': 'https://ottawacitizen.com', 'title': 'Ottawa Citizen'}",hockey+analytics,https://ottawacitizen.com/sports/hockey/gordon-the-nerdification-of-hockey-will-bring-much-needed-accountability,James Gordon,Y,News
NHL Advanced Stats: Why I trust Corsi over Neilson Numbers - Edmonton Journal,NHL Advanced Stats: Why I trust Corsi over Neilson Numbers  Edmonton Journal,"Fri, 29 Aug 2014 07:00:00 GMT","{'href': 'https://edmontonjournal.com', 'title': 'Edmonton Journal'}",hockey+analytics,https://edmontonjournal.com/sports/hockey/nhl/cult-of-hockey/nhl-advanced-stats-why-i-trust-corsi-over-neilson-numbers,Jonathan Willis,Y,News
Pierre McGuire would fire coaches that rely on analytics for player review - Yahoo Sports,Pierre McGuire would fire coaches that rely on analytics for player review  Yahoo Sports,"Mon, 29 Sep 2014 07:00:00 GMT","{'href': 'http://sports.yahoo.com', 'title': 'Yahoo Sports'}",hockey+analytics,http://sports.yahoo.com/blogs/nhl-puck-daddy/pierre-mcguire-would-fire-coaches-that-rely-on-analytics-for-player-review-151106458.html,Greg Wyshynski,Y,Blog
TSN Hockey Analytics writer Travis Yost breaks down explosion of advanced stats - TSN,TSN Hockey Analytics writer Travis Yost breaks down explosion of advanced stats  TSN,"Thu, 25 Sep 2014 07:00:00 GMT","{'href': 'https://www.tsn.ca', 'title': 'TSN'}",hockey+analytics,https://www.tsn.ca/nhl/tsn-hockey-analytics-writer-travis-yost-breaks-down-explosion-of-advanced-stats-1.91149,Rob Duffy,Y,Website
How analytics are changing NHL coaching - ESPN,How analytics are changing NHL coaching  ESPN,"Tue, 23 Sep 2014 07:00:00 GMT","{'href': 'https://www.espn.com', 'title': 'ESPN'}",hockey+analytics,https://www.espn.com/blog/craig-custance/insider/post/_/id/3873,Craig Custance,Y,Blog
Dan Kerluke skates his sports analytics startup into NHL territory - Mainebiz,Dan Kerluke skates his sports analytics startup into NHL territory  Mainebiz,"Mon, 06 Oct 2014 07:00:00 GMT","{'href': 'https://mainebiz.biz', 'title': 'Mainebiz'}",hockey+analytics,https://mainebiz.biz/honoree/dan-kerluke-skates-his-sports-analytics-startup-nhl-territory/,Mainebiz Staff,N,News
"Caps Hire Analytics Pioneer Tim Barnes, aka Vic Ferrari - RMNB","Caps Hire Analytics Pioneer Tim Barnes, aka Vic Ferrari  RMNB","Sat, 11 Oct 2014 07:00:00 GMT","{'href': 'https://russianmachineneverbreaks.com', 'title': 'RMNB'}",hockey+analytics,https://russianmachineneverbreaks.com/2014/10/11/caps-hire-analytics-pioneer-tim-barnes-aka-vic-ferrari/,Peter Hassett,Y,Blog
Capitals hire Corsi creator Tim Barnes as analytics consultant - theScore,Capitals hire Corsi creator Tim Barnes as analytics consultant  theScore,"Sat, 11 Oct 2014 07:00:00 GMT","{'href': 'https://www.thescore.com', 'title': 'theScore'}",hockey+analytics,https://www.thescore.com/nhl/news/601724/capitals-hire-corsi-creator-tim-barnes-as-analytics-consultant,Josh Gold-Smith,Y,Website
Why Score Effects are the key to your fancy stats (Puck Momalytics) - Yahoo Sports,Why Score Effects are the key to your fancy stats (Puck Momalytics)  Yahoo Sports,"Wed, 29 Oct 2014 07:00:00 GMT","{'href': 'http://sports.yahoo.com', 'title': 'Yahoo Sports'}",hockey+analytics,http://sports.yahoo.com/blogs/nhl-puck-daddy/fancy-stats-164244781.html,Jen Lute Costella,Y,Blog
Wilson: Don’t know Corsi? Here’s a handy-dandy primer to NHL advanced stats - Calgary Herald,Wilson: Don’t know Corsi? Here’s a handy-dandy primer to NHL advanced stats  Calgary Herald,"Mon, 06 Oct 2014 07:00:00 GMT","{'href': 'https://calgaryherald.com', 'title': 'Calgary Herald'}",hockey+analytics,https://calgaryherald.com/sports/hockey/wilson-dont-know-corsi-heres-a-handy-dandy-primer-to-nhl-advanced-stats,Kent Wilson,Y,News
Panthers captain Willie Mitchell thinks advanced stats are a fad - theScore,Panthers captain Willie Mitchell thinks advanced stats are a fad  theScore,"Wed, 29 Oct 2014 07:00:00 GMT","{'href': 'https://www.thescore.com', 'title': 'theScore'}",hockey+analytics,https://www.thescore.com/nhl/news/616307/panthers-captain-willie-mitchell-thinks-advanced-stats-are-a-fad,Thomas Drance,Y,Website
Toronto Maple Leafs Partner with Analytics Leader SAS - PR Newswire Canada,Toronto Maple Leafs Partner with Analytics Leader SAS  PR Newswire Canada,"Thu, 16 Oct 2014 07:00:00 GMT","{'href': 'https://www.newswire.ca', 'title': 'PR Newswire Canada'}",hockey+analytics,https://www.newswire.ca/news-releases/toronto-maple-leafs-partner-with-analytics-leader-sas-515900611.html,SAS Canada,N,News
"In the NHL, save percentage is a team stat - Sportsnet.ca","In the NHL, save percentage is a team stat  Sportsnet.ca","Tue, 25 Nov 2014 08:00:00 GMT","{'href': 'https://www.sportsnet.ca', 'title': 'Sportsnet.ca'}",hockey+analytics,https://www.sportsnet.ca/hockey/nhl/in-the-nhl-save-percentage-is-a-team-stat/,Chris Boyle,Y,Website
NHL's tracking technology will change advanced statistics - Courier-Post,NHL's tracking technology will change advanced statistics  Courier-Post,"Sat, 24 Jan 2015 08:00:00 GMT","{'href': 'https://www.courierpostonline.com', 'title': 'Courier-Post'}",hockey+analytics,https://www.courierpostonline.com/story/sports/nhl/2015/01/24/nhls-tracking-technology-will-change-advanced-statistics/22295253/,Dave Isaac,Y,News
Flyers putting hockey analytics to good use - The Morning Call,Flyers putting hockey analytics to good use  The Morning Call,"Tue, 03 Feb 2015 08:00:00 GMT","{'href': 'https://www.mcall.com', 'title': 'The Morning Call'}",hockey+analytics,https://www.mcall.com/2015/02/03/flyers-putting-hockey-analytics-to-good-use/,Wayne Fish,Y,Website
Analytics still a hard sell in the NHL - ESPN,Analytics still a hard sell in the NHL  ESPN,"Mon, 23 Feb 2015 08:00:00 GMT","{'href': 'https://www.espn.com', 'title': 'ESPN'}",hockey+analytics,https://www.espn.com/nhl/story/_/id/12368987/former-oilers-coach-dallas-eakins-why-selling-analytics-nhl-challenge,Craig Custance,Y,Website
What’s the next dimension of analytics? Former NHL goalie Steve Valiquette knows - The Hockey News,What’s the next dimension of analytics? Former NHL goalie Steve Valiquette knows  The Hockey News,"Sun, 01 Feb 2015 08:00:00 GMT","{'href': 'https://thehockeynews.com', 'title': 'The Hockey News'}",hockey+analytics,https://thehockeynews.com/news/news/whats-the-next-dimension-of-analytics-former-nhl-goalie-steve-valiquette-knows,Ken Campbell,Y,Website
Analytics give Blackhawks an edge - ESPN,Analytics give Blackhawks an edge  ESPN,"Mon, 23 Feb 2015 08:00:00 GMT","{'href': 'https://www.espn.com', 'title': 'ESPN'}",hockey+analytics,https://www.espn.com/nhl/story/_/id/12370826/analytics-give-blackhawks-advantage,Craig Custance,Y,Website
NHL.com rolls out 'enhanced stats' - ESPN,NHL.com rolls out 'enhanced stats'  ESPN,"Fri, 20 Feb 2015 08:00:00 GMT","{'href': 'https://www.espn.com', 'title': 'ESPN'}",hockey+analytics,https://www.espn.com/nhl/story/_/id/12355124/nhl-unveils-new-enhanced-stats-element-official-website,Katie Strang,Y,Website
What Are Detroit’s Best Puck Possession Line Combinations? - The Hockey Writers,What Are Detroit’s Best Puck Possession Line Combinations?  The Hockey Writers,"Tue, 24 Feb 2015 08:00:00 GMT","{'href': 'https://thehockeywriters.com', 'title': 'The Hockey Writers'}",hockey+analytics,https://thehockeywriters.com/detroits-best-puck-possession-line-combinations/,Prashanth Iyer,Y,Website
"If the name's Fenwick, then it's offensive-zone time, according to advanced stats -- and the NHL - Edmonton Sun","If the name's Fenwick, then it's offensive-zone time, according to advanced stats -- and the NHL  Edmonton Sun","Thu, 05 Feb 2015 08:00:00 GMT","{'href': 'https://edmontonsun.com', 'title': 'Edmonton Sun'}",hockey+analytics,https://edmontonsun.com/2015/02/05/if-the-names-fenwick-then-its-offensive-zone-time-according-to-advanced-stats----and-the-nhl,Aaron Taylor,Y,News
NHL seeks to grab fans with data analytics - cio.com,NHL seeks to grab fans with data analytics  cio.com,"Wed, 25 Mar 2015 07:00:00 GMT","{'href': 'https://www.cio.com', 'title': 'cio.com'}",hockey+analytics,https://www.cio.com/article/246526/nhl-seeks-to-grab-fans-with-data-analytics.html,Thor Olavsrud,Y,Website
Six keys to sports analytics - MIT News,Six keys to sports analytics  MIT News,"Mon, 02 Mar 2015 08:00:00 GMT","{'href': 'https://news.mit.edu', 'title': 'MIT News'}",hockey+analytics,https://news.mit.edu/2015/mit-sloan-sports-analytics-conference-0302,Peter Dizikes,Y,Website
Mirtle: Dubas reveals Leafs’ mindset on analytics at Sloan - The Globe and Mail,Mirtle: Dubas reveals Leafs’ mindset on analytics at Sloan  The Globe and Mail,"Sun, 01 Mar 2015 08:00:00 GMT","{'href': 'https://www.theglobeandmail.com', 'title': 'The Globe and Mail'}",hockey+analytics,https://www.theglobeandmail.com/sports/hockey/dubas-reveals-leafs-mindset-on-analytics-at-sloan/article23238104/,James Mirtle,Y,News
Valiquette helping bring analytics to goaltending - Trentonian,Valiquette helping bring analytics to goaltending  Trentonian,"Wed, 18 Mar 2015 07:00:00 GMT","{'href': 'https://www.trentonian.com', 'title': 'Trentonian'}",hockey+analytics,https://www.trentonian.com/2015/03/18/valiquette-helping-bring-analytics-to-goaltending/,Mike Ashmore,Y,Website
Ovechkin not to blame for poor plus-minus - Sportsnet.ca,Ovechkin not to blame for poor plus-minus  Sportsnet.ca,"Mon, 09 Mar 2015 07:00:00 GMT","{'href': 'https://www.sportsnet.ca', 'title': 'Sportsnet.ca'}",hockey+analytics,https://www.sportsnet.ca/hockey/nhl/ovechkin-not-blame-poor-plus-minus/,Chris Boyle,Y,Website
The secret life and death of a hockey analytics pioneer - ESPN,The secret life and death of a hockey analytics pioneer  ESPN,"Fri, 29 May 2015 07:00:00 GMT","{'href': 'https://www.espn.com', 'title': 'ESPN'}",hockey+analytics,https://www.espn.com/nhl/story/_/id/12971447/the-secret-life-death-nhl-hockey-analytics-pioneer,Marin Cogan,Y,Website
Game-changing hockey analytics company connects with Waterloo Warriors - University of Waterloo,Game-changing hockey analytics company connects with Waterloo Warriors  University of Waterloo,"Thu, 21 May 2015 07:00:00 GMT","{'href': 'https://uwaterloo.ca', 'title': 'University of Waterloo'}",hockey+analytics,https://uwaterloo.ca/news/game-changing-hockey-analytics-company-connects-waterloo,Dan Ackerman,Y,Website
Coyotes hire 25-year-old analytics wiz John Chayka as assistant GM - Yahoo Sports,Coyotes hire 25-year-old analytics wiz John Chayka as assistant GM  Yahoo Sports,"Sat, 23 May 2015 07:00:00 GMT","{'href': 'http://sports.yahoo.com', 'title': 'Yahoo Sports'}",hockey+analytics,http://sports.yahoo.com/blogs/nhl-puck-daddy/coyotes-hire-25-year-old-analytics-wiz-john-chayka-as-assistant-gm-143420830.html,Greg Wyshynski,Y,Blog
Which game statistically is most important in an NHL series? - FOX Sports,Which game statistically is most important in an NHL series?  FOX Sports,"Wed, 06 May 2015 07:00:00 GMT","{'href': 'https://www.foxsports.com', 'title': 'FOX Sports'}",hockey+analytics,https://www.foxsports.com/stories/nhl/which-game-statistically-is-most-important-in-an-nhl-series,Fox Sports,N,News
Hockey analysts still racing to catch up to other sports’ stat mavens - Chicago Tribune,Hockey analysts still racing to catch up to other sports’ stat mavens  Chicago Tribune,"Sun, 14 Jun 2015 07:00:00 GMT","{'href': 'https://www.chicagotribune.com', 'title': 'Chicago Tribune'}",hockey+analytics,https://www.chicagotribune.com/2015/06/14/hockey-analysts-still-racing-to-catch-up-to-other-sports-stat-mavens/,Philip Hersh,Y,News
What analytics say about how good the 2015 NHL Draft crop will be - Sports Illustrated,What analytics say about how good the 2015 NHL Draft crop will be  Sports Illustrated,"Fri, 26 Jun 2015 07:00:00 GMT","{'href': 'https://www.si.com', 'title': 'Sports Illustrated'}",hockey+analytics,https://www.si.com/nhl/2015/06/26/what-advanced-stats-say-about-the-future-of-the-2015-nhl-draft-crop,SI Staff,N,Website
Edmonton Oilers retain analytics consultant Tyler Dellow in an adjusted role - Edmonton Journal,Edmonton Oilers retain analytics consultant Tyler Dellow in an adjusted role  Edmonton Journal,"Mon, 15 Jun 2015 07:00:00 GMT","{'href': 'https://edmontonjournal.com', 'title': 'Edmonton Journal'}",hockey+analytics,https://edmontonjournal.com/sports/hockey/nhl/cult-of-hockey/edmonton-oilers-retain-analytics-consultant-tyler-dellow-in-an-adjusted-role,Jonathan Willis,Y,News
Penguins bring in analytics expert from Carnegie Mellon - TribLIVE.com,Penguins bring in analytics expert from Carnegie Mellon  TribLIVE.com,"Wed, 22 Jul 2015 07:00:00 GMT","{'href': 'https://archive.triblive.com', 'title': 'TribLIVE.com'}",hockey+analytics,https://archive.triblive.com/sports/penguins/penguins-bring-in-analytics-expert-from-carnegie-mellon/,Jason Mackey,Y,Website
Explaining Advanced Stats: Corsi Stats - Stars and Sticks,Explaining Advanced Stats: Corsi Stats  Stars and Sticks,"Thu, 13 Nov 2014 08:00:00 GMT","{'href': 'https://starsandsticks.com', 'title': 'Stars and Sticks'}",hockey+statistics,https://starsandsticks.com/2014/11/13/explaining-advanced-stats-corsi-stats/,Dave Stevenson,Y,Blog
Eye Test: How can Shea Weber's stats be this bad? - Sports Illustrated,Eye Test: How can Shea Weber's stats be this bad?  Sports Illustrated,"Tue, 16 Dec 2014 08:00:00 GMT","{'href': 'https://www.si.com', 'title': 'Sports Illustrated'}",hockey+statistics,https://www.si.com/nhl/2014/12/16/eye-test-shea-webers-advanced-stats-show-he-misses-ryan-suter,Sam Page,Y,Website
How safe are those NHL points when leading into third period? - Yahoo Sports,How safe are those NHL points when leading into third period?  Yahoo Sports,"Tue, 13 Jan 2015 08:00:00 GMT","{'href': 'http://sports.yahoo.com', 'title': 'Yahoo Sports'}",hockey+statistics,http://sports.yahoo.com/blogs/nhl-puck-daddy/how-safe-are-those-nhl-points-when-leading-into-third-period-192353293.html,Greg Wyshynski,Y,Blog
Hockey 201: What the Heck is Corsi? - The Hockey Writers,Hockey 201: What the Heck is Corsi?  The Hockey Writers,"Tue, 10 Feb 2015 08:00:00 GMT","{'href': 'https://thehockeywriters.com', 'title': 'The Hockey Writers'}",hockey+statistics,https://thehockeywriters.com/hockey-201-what-the-heck-is-corsi/,Kenneth Laws,Y,Website
NHL experimenting with tracking technology - CBC,NHL experimenting with tracking technology  CBC,"Thu, 05 Feb 2015 08:00:00 GMT","{'href': 'https://www.cbc.ca', 'title': 'CBC'}",hockey+statistics,https://www.cbc.ca/sports/hockey/nhl/nhl-experimenting-with-tracking-technology-1.2946936,The Associated Press,N,News
Penguins’ Crosby believes stats are overanalyzed - Sportsnet.ca,Penguins’ Crosby believes stats are overanalyzed  Sportsnet.ca,"Fri, 13 Mar 2015 07:00:00 GMT","{'href': 'https://www.sportsnet.ca', 'title': 'Sportsnet.ca'}",hockey+statistics,https://www.sportsnet.ca/hockey/nhl/penguins-crosby-believes-stats-overanalyzed/,Canadian Press,N,Website
Numbers don't lie: The 2015 Stanley Cup is the Chicago Blackhawks' to lose - ESPN,Numbers don't lie: The 2015 Stanley Cup is the Chicago Blackhawks' to lose  ESPN,"Thu, 16 Apr 2015 07:00:00 GMT","{'href': 'https://www.espn.com', 'title': 'ESPN'}",hockey+statistics,https://www.espn.com/nhl/story/_/id/12695408/the-metrics-say-2015-stanley-cup-return-chicago,Ben Arledge,Y,Website
"Hurricanes hire former chemist, hockey blogger for analytics post - CBS Sports","Hurricanes hire former chemist, hockey blogger for analytics post  CBS Sports","Thu, 20 Aug 2015 07:00:00 GMT","{'href': 'https://www.cbssports.com', 'title': 'CBS Sports'}",hockey+analytics,https://www.cbssports.com/nhl/news/hurricanes-hire-former-chemist-hockey-blogger-for-analytics-post/,Chris Peters; Austin Nivison; Cody Benjamin,Y,News
Examining the Groundbreaking Work of the NHL's Latest Analytics Hire - Bleacher Report,Examining the Groundbreaking Work of the NHL's Latest Analytics Hire  Bleacher Report,"Wed, 26 Aug 2015 07:00:00 GMT","{'href': 'https://bleacherreport.com', 'title': 'Bleacher Report'}",hockey+analytics,https://bleacherreport.com/articles/2555727-examining-the-groundbreaking-work-of-the-nhls-latest-analytics-hire,Jonathan Willis,Y,Website
Hurricanes hire Eric Tulsky as hockey analyst - WRAL,Hurricanes hire Eric Tulsky as hockey analyst  WRAL,"Thu, 20 Aug 2015 07:00:00 GMT","{'href': 'https://www.wral.com', 'title': 'WRAL'}",hockey+analytics,https://www.wral.com/sports/archive/14842975/,WRAL News,N,News
Hurricanes Hire Eric Tulsky As Stat Analyst - Canes Country,Hurricanes Hire Eric Tulsky As Stat Analyst  Canes Country,"Thu, 20 Aug 2015 07:00:00 GMT","{'href': 'https://www.canescountry.com', 'title': 'Canes Country'}",hockey+analytics,https://www.canescountry.com/2015/8/21/9185915/hurricanes-hire-eric-tulsky-as-stat-analyst,Bob Wage,Y,Blog
Devils Go All In on Use of Analytics (a Poker Expert Helps) (Published 2015) - The New York Times,Devils Go All In on Use of Analytics (a Poker Expert Helps) (Published 2015)  The New York Times,"Thu, 17 Sep 2015 07:00:00 GMT","{'href': 'https://www.nytimes.com', 'title': 'The New York Times'}",hockey+analytics,https://www.nytimes.com/2015/09/18/sports/devils-go-all-in-on-analytics-ex-poker-pro-helps.html,Pat Pickens,Y,News
Paul Bissonnette rejects advanced stats and its usage in contract negotiations - theScore,Paul Bissonnette rejects advanced stats and its usage in contract negotiations  theScore,"Mon, 21 Sep 2015 07:00:00 GMT","{'href': 'https://www.thescore.com', 'title': 'theScore'}",hockey+analytics,https://www.thescore.com/nhl/news/835159/paul-bissonnette-rejects-advanced-stats-and-its-usage-in-contract-negotiations,Justin Cuthbert,Y,Website
"Paul Bissonnette talks persona, anxiety, and analytics - Sportsnet.ca","Paul Bissonnette talks persona, anxiety, and analytics  Sportsnet.ca","Tue, 22 Sep 2015 07:00:00 GMT","{'href': 'https://www.sportsnet.ca', 'title': 'Sportsnet.ca'}",hockey+analytics,https://www.sportsnet.ca/hockey/nhl/paul-bissonnette-talks-persona-anxiety-and-analytics/,Scott Lewis,Y,Website
What’s behind Patrick Roy’s obsession with advanced hockey stats? - Cantech Letter,What’s behind Patrick Roy’s obsession with advanced hockey stats?  Cantech Letter,"Wed, 04 Nov 2015 08:00:00 GMT","{'href': 'https://www.cantechletter.com', 'title': 'Cantech Letter'}",hockey+analytics,https://www.cantechletter.com/2015/11/whats-behind-patrick-roys-obsession-with-advanced-hockey-stats/,Nick Waddell,Y,Website
Why Has Analytics Darling Alexander Semin Flunked out of the NHL? - Bleacher Report,Why Has Analytics Darling Alexander Semin Flunked out of the NHL?  Bleacher Report,"Thu, 10 Dec 2015 08:00:00 GMT","{'href': 'https://bleacherreport.com', 'title': 'Bleacher Report'}",hockey+analytics,https://bleacherreport.com/articles/2597608-why-has-analytics-darling-alexander-semin-flunked-out-of-the-nhl,Jonathan Willis,Y,Website
The difficulty of evaluating NHL defencemen through numbers - Sportsnet.ca,The difficulty of evaluating NHL defencemen through numbers  Sportsnet.ca,"Fri, 04 Dec 2015 08:00:00 GMT","{'href': 'https://www.sportsnet.ca', 'title': 'Sportsnet.ca'}",hockey+analytics,https://www.sportsnet.ca/hockey/nhl/the-difficulty-of-evaluating-nhl-defencemen-through-numbers/,Jonathan Willis,Y,Website
Oilers power forward Taylor Hall the darling of the analytics crowd - Windsor Star,Oilers power forward Taylor Hall the darling of the analytics crowd  Windsor Star,"Mon, 14 Dec 2015 08:00:00 GMT","{'href': 'https://windsorstar.com', 'title': 'Windsor Star'}",hockey+analytics,https://windsorstar.com/sports/hockey/oilers-power-forward-taylor-hall-the-darling-of-the-analytics-crowd,Jim Matheson,Y,News
NHL Advanced Statistics: Stats for Art Majors - Defending Big D,NHL Advanced Statistics: Stats for Art Majors  Defending Big D,"Wed, 06 Jan 2016 08:00:00 GMT","{'href': 'https://www.defendingbigd.com', 'title': 'Defending Big D'}",hockey+analytics,https://www.defendingbigd.com/nhl-advanced-statistics-stats-for-art-majors-analytics-definitions-corsi-fenwick-primer/,Ann Atkinson,Y,Blog
What analytics can tell us about the role of fighting in hockey - Sports Illustrated,What analytics can tell us about the role of fighting in hockey  Sports Illustrated,"Sat, 26 Mar 2016 07:00:00 GMT","{'href': 'https://www.si.com', 'title': 'Sports Illustrated'}",hockey+analytics,https://www.si.com/nhl/2016/03/26/nhl-analytics-advanced-stats-fighting-bobby-smith,Department of Hockey Analytics,N,Website
The X factors in NHL analytics - Sports Illustrated,The X factors in NHL analytics  Sports Illustrated,"Wed, 16 Mar 2016 07:00:00 GMT","{'href': 'https://www.si.com', 'title': 'Sports Illustrated'}",hockey+analytics,https://www.si.com/nhl/2016/03/16/nhl-analytics-stats-x-factors-human-element-reflexivity-george-soros,Department of Hockey Analytics,N,Website
Stats that Translate into NHL Playoffs Wins - Broad Street Buzz,Stats that Translate into NHL Playoffs Wins  Broad Street Buzz,"Mon, 11 Apr 2016 07:00:00 GMT","{'href': 'https://broadstreetbuzz.com', 'title': 'Broad Street Buzz'}",hockey+analytics,https://broadstreetbuzz.com/2016/04/11/nhl-playoffs-stats/,Marc Naples,Y,Blog
Coyotes' Splashy Hire of 26-Year-Old GM Will Be Referendum on Analytics in NHL - Bleacher Report,Coyotes' Splashy Hire of 26-Year-Old GM Will Be Referendum on Analytics in NHL  Bleacher Report,"Fri, 06 May 2016 07:00:00 GMT","{'href': 'https://bleacherreport.com', 'title': 'Bleacher Report'}",hockey+analytics,https://bleacherreport.com/articles/2638315-coyotes-splashy-hire-of-26-year-old-gm-will-be-referendum-on-analytics-in-nhl,Adrian Dater,Y,Website
NHL Team to Hire a 26-Year-Old Stats Junkie As General Manager - New York Magazine,NHL Team to Hire a 26-Year-Old Stats Junkie As General Manager  New York Magazine,"Thu, 05 May 2016 07:00:00 GMT","{'href': 'https://nymag.com', 'title': 'New York Magazine'}",hockey+analytics,https://nymag.com/intelligencer/2016/05/nhl-team-to-hire-26-year-old-as-general-manager.html,Benjamin Wallace-Wells,Y,News
Phoenix Coyotes' new GM is reportedly a 26-year-old 'analytics guru' who co-founded a hockey statistics firm - Business Insider,Phoenix Coyotes' new GM is reportedly a 26-year-old 'analytics guru' who co-founded a hockey statistics firm  Business Insider,"Thu, 05 May 2016 07:00:00 GMT","{'href': 'https://www.businessinsider.com', 'title': 'Business Insider'}",hockey+analytics,https://www.businessinsider.com/phoenix-coyotes-promote-wiz-kid-to-gm-2016-5,Cork Gaines,Y,News
Brock sport analytics prof says data use in NHL good for students – The Brock News - Brock University,Brock sport analytics prof says data use in NHL good for students – The Brock News  Brock University,"Tue, 10 May 2016 07:00:00 GMT","{'href': 'https://brocku.ca', 'title': 'Brock University'}",hockey+analytics,https://brocku.ca/brock-news/2016/05/brock-sport-analytics-prof-says-data-use-in-nhl-good-for-students/,Dan Dakin,Y,Website
Cult of Hockey: Inside the Moneypuck methods of new Arizona GM John Chayka - Edmonton Journal,Cult of Hockey: Inside the Moneypuck methods of new Arizona GM John Chayka  Edmonton Journal,"Mon, 09 May 2016 07:00:00 GMT","{'href': 'https://edmontonjournal.com', 'title': 'Edmonton Journal'}",hockey+analytics,https://edmontonjournal.com/sports/hockey/nhl/cult-of-hockey/john-chayka-arizona-coyotes,David Staples,Y,News
John Chayka will use more than just numbers to try to turn the Coyotes into Cup contenders - The Hockey News,John Chayka will use more than just numbers to try to turn the Coyotes into Cup contenders  The Hockey News,"Sat, 09 Jul 2016 07:00:00 GMT","{'href': 'https://thehockeynews.com', 'title': 'The Hockey News'}",hockey+analytics,https://thehockeynews.com/news/news/john-chayka-will-use-more-than-just-numbers-to-try-to-turn-the-coyotes-into-cup-contenders,Ken Campbell,Y,Website
"Oilers Part Ways With Analytics Guru, Tyler Dellow - Oilers Nation","Oilers Part Ways With Analytics Guru, Tyler Dellow  Oilers Nation","Thu, 21 Jul 2016 07:00:00 GMT","{'href': 'https://oilersnation.com', 'title': 'Oilers Nation'}",hockey+analytics,https://oilersnation.com/news/oilers-part-ways-with-analytics-guru-tyler-dellow,Chris the intern,N,Blog
Penn State women’s hockey struggled statistically against Mercyhurst - The Daily Collegian,Penn State women’s hockey struggled statistically against Mercyhurst  The Daily Collegian,"Wed, 11 Nov 2015 08:00:00 GMT","{'href': 'https://www.psucollegian.com', 'title': 'The Daily Collegian'}",hockey+statistics,https://www.psucollegian.com/sports/women_hockey/penn-state-women-s-hockey-struggled-statistically-against-mercyhurst/article_9016bcce-87fa-11e5-b39d-07a8421e8d9c.html,Andrew Rubin; Davon Clark,Y,Website
Cult of Hockey: Statistical breakdown of pending UFA Steven Stamkos - Edmonton Journal,Cult of Hockey: Statistical breakdown of pending UFA Steven Stamkos  Edmonton Journal,"Mon, 06 Jun 2016 07:00:00 GMT","{'href': 'https://edmontonjournal.com', 'title': 'Edmonton Journal'}",hockey+statistics,https://edmontonjournal.com/sports/hockey/nhl/cult-of-hockey/cult-of-hockey-statistical-breakdown-of-pending-ufa-steven-stamkos,Jonathan Willis,Y,News
Hockey's advanced stats proponents best served by a teaching spirit - HockeyBuzz.com,Hockey's advanced stats proponents best served by a teaching spirit  HockeyBuzz.com,"Thu, 21 Jul 2016 07:00:00 GMT","{'href': 'https://www.hockeybuzz.com', 'title': 'HockeyBuzz.com'}",hockey+statistics,https://www.hockeybuzz.com/2025/07/23/Hockeys-advanced-stats-proponents-best-served-by-a-teaching-spirit,Adam Proteau,Y,Website
"Putting it all together: A hockey systems, stats, tools, and talent evaluation primer - Blue Seat Blogs","Putting it all together: A hockey systems, stats, tools, and talent evaluation primer  Blue Seat Blogs","Sun, 24 Jul 2016 07:00:00 GMT","{'href': 'https://blueseatblogs.com', 'title': 'Blue Seat Blogs'}",hockey+statistics,https://blueseatblogs.com/2016/07/24/putting-together-hockey-systems-stats-tools-talent-evaluation-primer/,Dave Shapiro,Y,Blog
Goal-based Metrics Better Than Shot-based Metrics at Predicting Hockey Success - The Sport Journal,Goal-based Metrics Better Than Shot-based Metrics at Predicting Hockey Success  The Sport Journal,"Tue, 30 Aug 2016 07:00:00 GMT","{'href': 'https://thesportjournal.org', 'title': 'The Sport Journal'}",hockey+analytics,https://thesportjournal.org/article/goal-based-metrics-better-than-shot-based-metrics-at-predicting-hockey-success/,U.S. Sports Academy,N,Website
"Q&A with 'Stat Shot' author, hockey analytics pioneer Rob Vollman - The New York Times","Q&A with 'Stat Shot' author, hockey analytics pioneer Rob Vollman  The New York Times","Fri, 02 Sep 2016 07:00:00 GMT","{'href': 'https://www.nytimes.com', 'title': 'The New York Times'}",hockey+analytics,https://www.nytimes.com/athletic/18663/2016/09/02/qa-with-stat-shot-author-hockey-analytics-pioneer-rob-vollman/,Scott Powers,Y,News
Canucks’ Erik Gudbranson confident he can defy analytic critics - Sportsnet.ca,Canucks’ Erik Gudbranson confident he can defy analytic critics  Sportsnet.ca,"Sun, 25 Sep 2016 07:00:00 GMT","{'href': 'https://www.sportsnet.ca', 'title': 'Sportsnet.ca'}",hockey+analytics,https://www.sportsnet.ca/hockey/nhl/canucks-erik-gudbranson-confident-can-defy-analytic-critics/,Canadian Press,N,Website
SAS Institute supports Swedish Ice Hockey Association with advanced analytics ahead of World Cup of Hockey - SAS: Data and AI Solutions,SAS Institute supports Swedish Ice Hockey Association with advanced analytics ahead of World Cup of Hockey  SAS: Data and AI Solutions,"Thu, 06 Oct 2016 17:34:57 GMT","{'href': 'https://www.sas.com', 'title': 'SAS: Data and AI Solutions'}",hockey+analytics,https://www.sas.com/sv_se/insights/articles/analytics/local/sas-and-swedish-ice-hockey-association.html,SAS Institute,N,Website
Is Arizona Coyotes general manager John Chayka the NHL's version of 'Moneyball?' - ABC15 Arizona,Is Arizona Coyotes general manager John Chayka the NHL's version of 'Moneyball?'  ABC15 Arizona,"Tue, 18 Oct 2016 07:00:00 GMT","{'href': 'https://www.abc15.com', 'title': 'ABC15 Arizona'}",hockey+analytics,https://www.abc15.com/sports/sports-blogs-local/is-arizona-coyotes-general-manager-john-chayka-the-nhls-version-of-moneyball,ABC 15 Arizona,N,News
"New Path to the N.H.L.: Crunching Numbers, Not Opponents (Published 2017) - The New York Times","New Path to the N.H.L.: Crunching Numbers, Not Opponents (Published 2017)  The New York Times","Sat, 14 Jan 2017 08:00:00 GMT","{'href': 'https://www.nytimes.com', 'title': 'The New York Times'}",hockey+analytics,https://www.nytimes.com/2017/01/14/sports/hockey/new-path-to-the-nhl-crunching-numbers-not-opponents.html,Tal Pinchevsky,Y,News
Gerard Gallant says he wasn't fired by the Florida Panthers because he failed to embrace analytics - ESPN,Gerard Gallant says he wasn't fired by the Florida Panthers because he failed to embrace analytics  ESPN,"Mon, 09 Jan 2017 08:00:00 GMT","{'href': 'https://www.espn.com', 'title': 'ESPN'}",hockey+analytics,https://www.espn.com/nhl/story/_/id/18435294/nhl-fired-florida-panthers-coach-gerard-gallant-says-fired-refused-embrace-analytics,Pierre LeBrun,Y,Website
Harris: Data back up Claude Julien’s defense of Bruins coaching - Boston Herald,Harris: Data back up Claude Julien’s defense of Bruins coaching  Boston Herald,"Sun, 29 Jan 2017 08:00:00 GMT","{'href': 'https://www.bostonherald.com', 'title': 'Boston Herald'}",hockey+analytics,https://www.bostonherald.com/2017/01/29/harris-data-back-up-claude-juliens-defense-of-bruins-coaching/,Stephen Harris,Y,News
Steve Simmons really can’t get over hatred for stats blogger - Awful Announcing,Steve Simmons really can’t get over hatred for stats blogger  Awful Announcing,"Wed, 08 Feb 2017 08:00:00 GMT","{'href': 'https://awfulannouncing.com', 'title': 'Awful Announcing'}",hockey+analytics,https://awfulannouncing.com/nhl/steve-simmons-really-cant-get-hatred-stats-blogger.html,Liam Mcguire,Y,Website
"Puck Soup: Dimitri Filipovic talks stat nerd feuds, NHL teams using analytics - Yahoo Sports","Puck Soup: Dimitri Filipovic talks stat nerd feuds, NHL teams using analytics  Yahoo Sports","Thu, 23 Mar 2017 07:00:00 GMT","{'href': 'https://sports.yahoo.com', 'title': 'Yahoo Sports'}",hockey+analytics,https://sports.yahoo.com/puck-soup-dimitri-filipovic-talks-stat-nerd-feuds-nhl-teams-using-analytics-195457280.html,Greg Wyshynski,Y,Website
Tortorella gradually embracing advanced stats from analytics - The Columbus Dispatch,Tortorella gradually embracing advanced stats from analytics  The Columbus Dispatch,"Sat, 29 Apr 2017 07:00:00 GMT","{'href': 'https://www.dispatch.com', 'title': 'The Columbus Dispatch'}",hockey+analytics,https://www.dispatch.com/story/sports/nhl/columbus-blue-jackets/2017/04/30/tortorella-gradually-embracing-advanced-stats/21264144007/,Tom Reed,Y,News
Sportsnet’s analytics experts share their Stanley Cup Playoffs brackets - Sportsnet.ca,Sportsnet’s analytics experts share their Stanley Cup Playoffs brackets  Sportsnet.ca,"Tue, 11 Apr 2017 07:00:00 GMT","{'href': 'https://www.sportsnet.ca', 'title': 'Sportsnet.ca'}",hockey+analytics,https://www.sportsnet.ca/hockey/nhl/sportsnets-analytics-experts-share-stanley-cup-playoffs-brackets/,Andrew Berkshire; Dimitri Filipovic; Jonathan Willis; Stephen Burtch,Y,Website
Video Quantifies Cross-Ice Advantages - USA Hockey,Video Quantifies Cross-Ice Advantages  USA Hockey,"Tue, 30 May 2017 07:00:00 GMT","{'href': 'https://www.usahockey.com', 'title': 'USA Hockey'}",hockey+analytics,https://www.usahockey.com/news_article/show/472676-video-quantifies-cross-ice-advantages,Dan Scifo,Y,Team/League Source
Stanley Cup Final: Analytics say Penguins vs. Predators outcome is a coin-flip - Sports Illustrated,Stanley Cup Final: Analytics say Penguins vs. Predators outcome is a coin-flip  Sports Illustrated,"Mon, 29 May 2017 07:00:00 GMT","{'href': 'https://www.si.com', 'title': 'Sports Illustrated'}",hockey+analytics,https://www.si.com/nhl/2017/05/29/stanley-cup-final-penguins-predators-prediction-analytics,Department of Hockey Analytics,N,Website
Vancouver entrepreneurs net analytics contract with NHL's Capitals - Vancouver Sun,Vancouver entrepreneurs net analytics contract with NHL's Capitals  Vancouver Sun,"Wed, 10 May 2017 07:00:00 GMT","{'href': 'https://vancouversun.com', 'title': 'Vancouver Sun'}",hockey+analytics,https://vancouversun.com/news/local-news/vancouver-entrepreneurs-net-analytics-contract-with-nhls-capitals,Randy Shore,Y,News
"Panthers, GM Dale Tallon seek balanced analytics approach - Sportsnet.ca","Panthers, GM Dale Tallon seek balanced analytics approach  Sportsnet.ca","Mon, 01 May 2017 07:00:00 GMT","{'href': 'https://www.sportsnet.ca', 'title': 'Sportsnet.ca'}",hockey+analytics,https://www.sportsnet.ca/hockey/nhl/panthers-gm-dale-tallon-seek-balanced-analytics-approach/,Rory Boylen,Y,Website
Engineering the perfect NHL team: U of T Engineering researchers create draft optimizer for new Las Vegas expansion - U of T Engineering News -,Engineering the perfect NHL team: U of T Engineering researchers create draft optimizer for new Las Vegas expansion  U of T Engineering News -,"Mon, 12 Jun 2017 07:00:00 GMT","{'href': 'https://news.engineering.utoronto.ca', 'title': 'U of T Engineering News -'}",hockey+analytics,https://news.engineering.utoronto.ca/engineering-perfect-nhl-team/,Liz Do,Y,Website
Breaking down the Vegas Golden Knights roster using analytics - Sportsnet.ca,Breaking down the Vegas Golden Knights roster using analytics  Sportsnet.ca,"Thu, 22 Jun 2017 07:00:00 GMT","{'href': 'https://www.sportsnet.ca', 'title': 'Sportsnet.ca'}",hockey+analytics,https://www.sportsnet.ca/hockey/nhl/breaking-vegas-golden-knights-roster-using-analytics/,Andrew Berkshire,Y,Website
Kings re-sign analytics expert's dream Brodzinski to 2-year extension - theScore,Kings re-sign analytics expert's dream Brodzinski to 2-year extension  theScore,"Fri, 14 Jul 2017 07:00:00 GMT","{'href': 'https://www.thescore.com', 'title': 'theScore'}",hockey+analytics,https://www.thescore.com/nhl/news/1333313/kings-re-sign-analytics-experts-dream-brodzinski-to-2-year-extension,Josh Wegman,Y,Website
"Long story short, Canucks lean on analytics to draft pint-sized Palmu - The Province","Long story short, Canucks lean on analytics to draft pint-sized Palmu  The Province","Thu, 06 Jul 2017 07:00:00 GMT","{'href': 'https://theprovince.com', 'title': 'The Province'}",hockey+analytics,https://theprovince.com/sports/hockey/nhl/vancouver-canucks/long-story-short-canucks-lean-on-analytics-to-draft-pint-sized-palmu,Jason Botchford,Y,Website
"Announcing GRiT, the Not-So-Fancy Advanced Statistic - RMNB","Announcing GRiT, the Not-So-Fancy Advanced Statistic  RMNB","Wed, 03 Aug 2016 07:00:00 GMT","{'href': 'https://russianmachineneverbreaks.com', 'title': 'RMNB'}",hockey+statistics,https://russianmachineneverbreaks.com/2016/08/03/announcing-grit-the-not-so-fancy-advanced-statistic/,Spenser Smallwood,Y,Blog
Rangers name Will Sibley as Video Coach and Statistical Analyst - Canadian Hockey League,Rangers name Will Sibley as Video Coach and Statistical Analyst  Canadian Hockey League,"Mon, 29 Aug 2016 07:00:00 GMT","{'href': 'https://chl.ca', 'title': 'Canadian Hockey League'}",hockey+statistics,https://chl.ca/ohl-rangers/rangers-name-will-sibley-as-video-coach-and-statistical-analyst/,Kitchener Rangers,N,Team/League Source
Giveaways vs. Turnovers: how to find value in an unreliable stat - Sportsnet.ca,Giveaways vs. Turnovers: how to find value in an unreliable stat  Sportsnet.ca,"Sat, 26 Nov 2016 08:00:00 GMT","{'href': 'https://www.sportsnet.ca', 'title': 'Sportsnet.ca'}",hockey+statistics,https://www.sportsnet.ca/hockey/nhl/giveaways-vs-turnovers-find-value-unreliable-stat/,Andrew Berkshire,Y,Website
"Meet the historian behind HockeyDB, the vast stats web archive - The Globe and Mail","Meet the historian behind HockeyDB, the vast stats web archive  The Globe and Mail","Mon, 27 Feb 2017 08:00:00 GMT","{'href': 'https://www.theglobeandmail.com', 'title': 'The Globe and Mail'}",hockey+statistics,https://www.theglobeandmail.com/sports/hockey/meet-the-historian-behind-hockeydb-the-vast-stats-archive/article34156274/,David Ebner,Y,News
Why it’s so much harder to predict winners in hockey than basketball - vox.com,Why it’s so much harder to predict winners in hockey than basketball  vox.com,"Mon, 05 Jun 2017 07:00:00 GMT","{'href': 'https://www.vox.com', 'title': 'vox.com'}",hockey+statistics,https://www.vox.com/videos/2017/6/5/15740632/luck-skill-sports,Joss Fong,Y,News
NHL puts historical stats at your fingertips - NHL.com,NHL puts historical stats at your fingertips  NHL.com,"Wed, 27 Sep 2017 07:00:00 GMT","{'href': 'https://www.nhl.com', 'title': 'NHL.com'}",hockey+analytics,https://www.nhl.com/news/nhl-historical-stats-now-available-291389804,Nicholas J. Cotsonika,Y,Team/League Source
An advanced stat primer: Understanding basic hockey metrics - The Athletic - The New York Times,An advanced stat primer: Understanding basic hockey metrics - The Athletic  The New York Times,"Mon, 09 Oct 2017 07:00:00 GMT","{'href': 'https://www.nytimes.com', 'title': 'The New York Times'}",hockey+analytics,https://www.nytimes.com/athletic/121980/2017/10/09/an-advanced-stat-primer-understanding-basic-hockey-metrics/,Charlie OConnor,Y,News
"John Chayka, the Arizona Coyotes' whiz-kid GM, is more than just a numbers nerd - ESPN","John Chayka, the Arizona Coyotes' whiz-kid GM, is more than just a numbers nerd  ESPN","Mon, 09 Oct 2017 07:00:00 GMT","{'href': 'https://www.espn.com', 'title': 'ESPN'}",hockey+analytics,https://www.espn.com/nhl/story/_/id/20922909/nhl-arizona-coyotes-gm-john-chayka-more-just-numbers-nerd,Josh Cooper,Y,Website
Kroenke Sports makes new analytics hire to work with the Colorado Avalanche - Mile High Hockey,Kroenke Sports makes new analytics hire to work with the Colorado Avalanche  Mile High Hockey,"Tue, 17 Oct 2017 07:00:00 GMT","{'href': 'https://www.milehighhockey.com', 'title': 'Mile High Hockey'}",hockey+analytics,https://www.milehighhockey.com/2017/10/17/16488098/colorado-avalanche-hire-analytics-consultant-dtmaboutheart-dawson-sprigings,Tom Hunter,Y,Blog
Stats vs. Eye-Test is Dead – There is Only the Acceptance or Denial of Evidence-Based Analysis - Canucks Army,Stats vs. Eye-Test is Dead – There is Only the Acceptance or Denial of Evidence-Based Analysis  Canucks Army,"Tue, 14 Nov 2017 08:00:00 GMT","{'href': 'https://canucksarmy.com', 'title': 'Canucks Army'}",hockey+analytics,https://canucksarmy.com/news/stats-vs-eye-test-is-dead-there-is-only-the-acceptance-or-denial-of-evidence-based-analysis,Jeremy Davis,Y,Blog
"Defending PIM, hits and other fantasy hockey ""trash"" stats - ESPN","Defending PIM, hits and other fantasy hockey ""trash"" stats  ESPN","Wed, 13 Dec 2017 08:00:00 GMT","{'href': 'https://www.espn.com', 'title': 'ESPN'}",hockey+analytics,https://www.espn.com/fantasy/hockey/story/_/id/21758708/fantasy-nhl-defending-pim-hits-other-fantasy-hockey-trash-stats,Greg Wyshynski,Y,Website
A New Way to Predict & Measure NHL Success - The Hockey Writers,A New Way to Predict & Measure NHL Success  The Hockey Writers,"Wed, 24 Jan 2018 08:00:00 GMT","{'href': 'https://thehockeywriters.com', 'title': 'The Hockey Writers'}",hockey+analytics,https://thehockeywriters.com/analytics-predicting-measuring-nhl-success/,Kyle Gipe,Y,Website
"Omega Installs Player Tracking For Olympic Hockey, Could NHL Be Next? - Sports Business Journal","Omega Installs Player Tracking For Olympic Hockey, Could NHL Be Next?  Sports Business Journal","Wed, 21 Feb 2018 08:00:00 GMT","{'href': 'https://www.sportsbusinessjournal.com', 'title': 'Sports Business Journal'}",hockey+analytics,https://www.sportsbusinessjournal.com/Daily/Issues/2018/02/22/Technology/omega-timing-olympics-hockey-player-tracking-nhl/,Joe Lemire,Y,News
A Goalie Comparison Tool and What it Tells us about New Jersey Devils - Pucks and Pitchforks,A Goalie Comparison Tool and What it Tells us about New Jersey Devils  Pucks and Pitchforks,"Tue, 20 Feb 2018 08:00:00 GMT","{'href': 'https://pucksandpitchforks.com', 'title': 'Pucks and Pitchforks'}",hockey+analytics,https://pucksandpitchforks.com/2018/02/20/a-goalie-comparison-tool-and-what-it-tells-us-about-the-devils/,Tyler Kelley,Y,Blog
Dellow: A conversation with Eric Tulsky of the Carolina Hurricanes - The Athletic - The New York Times,Dellow: A conversation with Eric Tulsky of the Carolina Hurricanes - The Athletic  The New York Times,"Thu, 01 Mar 2018 08:00:00 GMT","{'href': 'https://www.nytimes.com', 'title': 'The New York Times'}",hockey+analytics,https://www.nytimes.com/athletic/257730/2018/03/01/dellow-a-conversation-with-eric-tulsky-of-the-carolina-hurricanes/,Tyler Dellow,Y,News
Dellow: How SportLogiq is providing data for the next big thing in hockey - The New York Times,Dellow: How SportLogiq is providing data for the next big thing in hockey  The New York Times,"Sat, 03 Mar 2018 08:00:00 GMT","{'href': 'https://www.nytimes.com', 'title': 'The New York Times'}",hockey+analytics,https://www.nytimes.com/athletic/259036/2018/03/03/dellow-how-sportlogiq-is-providing-data-for-the-next-big-thing-in-hockey/,Tyler Dellow,Y,News
AI-Powered Hockey Analytics: A Game Changer - syncedreview.com,AI-Powered Hockey Analytics: A Game Changer  syncedreview.com,"Fri, 06 Apr 2018 07:00:00 GMT","{'href': 'https://syncedreview.com', 'title': 'syncedreview.com'}",hockey+analytics,https://syncedreview.com/2018/04/06/ai-powered-hockey-analytics-a-game-changer/,Ryan Darville; Alex Brown; Willis Marks,Y,Website
How Orlando Solar Bears coach Drake Berehowsky built his own analytics tool - The New York Times,How Orlando Solar Bears coach Drake Berehowsky built his own analytics tool  The New York Times,"Thu, 05 Apr 2018 07:00:00 GMT","{'href': 'https://www.nytimes.com', 'title': 'The New York Times'}",hockey+analytics,https://www.nytimes.com/athletic/301705/2018/04/05/how-orlando-solar-bears-coach-drake-berehowsky-built-his-own-analytics-tool/,Scott Wheeler,Y,News
Intro to Hockey Analytics Q&A - Blueshirts Breakaway,Intro to Hockey Analytics Q&A  Blueshirts Breakaway,"Mon, 21 May 2018 07:00:00 GMT","{'href': 'https://www.blueshirtsbreakaway.com', 'title': 'Blueshirts Breakaway'}",hockey+analytics,https://www.blueshirtsbreakaway.com/2018/05/21/intro-to-hockey-analytics-qa/,Guest Writer,Y,Blog
Mirtle: Kyle Dubas won't be defined by hockey's archaic analytics debate - The New York Times,Mirtle: Kyle Dubas won't be defined by hockey's archaic analytics debate  The New York Times,"Fri, 11 May 2018 07:00:00 GMT","{'href': 'https://www.nytimes.com', 'title': 'The New York Times'}",hockey+analytics,https://www.nytimes.com/athletic/351492/2018/05/11/mirtle-kyle-dubas-wont-be-defined-by-hockeys-archaic-analytics-debate/,James Mirtle,Y,News
Hockey Analytics: Ditching Plus Minus - Puck Prose,Hockey Analytics: Ditching Plus Minus  Puck Prose,"Mon, 30 Jul 2018 07:00:00 GMT","{'href': 'https://puckprose.com', 'title': 'Puck Prose'}",hockey+analytics,https://puckprose.com/2018/07/30/hockey-analytics-ditching-plus-minus/,Thomas G,N,Website
"Bourne: What does an NHL statistical analyst do, how do the numbers shape strategy, and where is this all going? - The New York Times","Bourne: What does an NHL statistical analyst do, how do the numbers shape strategy, and where is this all going?  The New York Times","Tue, 17 Jul 2018 07:00:00 GMT","{'href': 'https://www.nytimes.com', 'title': 'The New York Times'}",hockey+analytics,https://www.nytimes.com/athletic/435131/2018/07/17/bourne-what-does-an-nhl-statistical-analyst-do-how-do-the-numbers-shape-strategy-and-where-is-this-all-going/,Justin Bourne,Y,News
The Overwhelming Statistical Case for Chris Kreider - Blueshirts Breakaway,The Overwhelming Statistical Case for Chris Kreider  Blueshirts Breakaway,"Thu, 21 Sep 2017 07:00:00 GMT","{'href': 'https://www.blueshirtsbreakaway.com', 'title': 'Blueshirts Breakaway'}",hockey+statistics,https://www.blueshirtsbreakaway.com/2017/09/21/the-overwhelming-statistical-case-for-chris-kreider/,Drew Way,Y,Blog
Contextualizing Some Popular Hockey Analytics Charts - Blueshirts Breakaway,Contextualizing Some Popular Hockey Analytics Charts  Blueshirts Breakaway,"Wed, 15 Aug 2018 07:00:00 GMT","{'href': 'https://www.blueshirtsbreakaway.com', 'title': 'Blueshirts Breakaway'}",hockey+analytics,https://www.blueshirtsbreakaway.com/2018/08/15/contextualizing-some-popular-hockey-analytics-charts/,Drew Way,Y,Blog
How well does each team forecheck? - The Athletic - The New York Times,How well does each team forecheck? - The Athletic  The New York Times,"Thu, 16 Aug 2018 07:00:00 GMT","{'href': 'https://www.nytimes.com', 'title': 'The New York Times'}",hockey+analytics,https://www.nytimes.com/athletic/471276/2018/08/16/how-well-does-each-team-forecheck/,Ryan Stimson,Y,News
New York Rangers: Understanding the team through analytics - Blue Line Station,New York Rangers: Understanding the team through analytics  Blue Line Station,"Sat, 11 Aug 2018 07:00:00 GMT","{'href': 'https://bluelinestation.com', 'title': 'Blue Line Station'}",hockey+analytics,https://bluelinestation.com/2018/08/11/new-york-rangers-understanding-team-analytics/,Nicholas Zararis,Y,Website
Custance: NHL stars suspicious of latest data on ideal time to pull the goalie - The Athletic - The New York Times,Custance: NHL stars suspicious of latest data on ideal time to pull the goalie - The Athletic  The New York Times,"Fri, 21 Sep 2018 07:00:00 GMT","{'href': 'https://www.nytimes.com', 'title': 'The New York Times'}",hockey+analytics,https://www.nytimes.com/athletic/539072/2018/09/21/custance-nhl-stars-suspicious-of-latest-data-on-ideal-time-to-pull-the-goalie/,Craig Custance,Y,News
Corsi? PDO? Explaining some of hockey’s analytics terms - Sportsnet.ca,Corsi? PDO? Explaining some of hockey’s analytics terms  Sportsnet.ca,"Wed, 03 Oct 2018 07:00:00 GMT","{'href': 'https://www.sportsnet.ca', 'title': 'Sportsnet.ca'}",hockey+analytics,https://www.sportsnet.ca/hockey/nhl/corsi-pdo-explaining-hockeys-analytics-terms/,Canadian Press,N,Website
Why Ben Bishop hates goalie analytics - ESPN,Why Ben Bishop hates goalie analytics  ESPN,"Sun, 28 Oct 2018 07:00:00 GMT","{'href': 'https://www.espn.com', 'title': 'ESPN'}",hockey+analytics,https://www.espn.com/nhl/story/_/id/25105536/nhl-why-dallas-stars-goaltender-ben-bishop-goalie-analytics,Greg Wyshynski,Y,Website
More than a numbers guy: John Chayka brings diverse skill set as Coyotes GM - The New York Times,More than a numbers guy: John Chayka brings diverse skill set as Coyotes GM  The New York Times,"Thu, 04 Oct 2018 07:00:00 GMT","{'href': 'https://www.nytimes.com', 'title': 'The New York Times'}",hockey+analytics,https://www.nytimes.com/athletic/569203/2018/10/04/more-than-a-numbers-guy-john-chayka-brings-diverse-skill-set-as-coyotes-gm/,Craig Morgan,Y,News
Saskatoon coach bringing NHL-style analytics to bantam hockey - CBC,Saskatoon coach bringing NHL-style analytics to bantam hockey  CBC,"Mon, 29 Oct 2018 07:00:00 GMT","{'href': 'https://www.cbc.ca', 'title': 'CBC'}",hockey+analytics,https://www.cbc.ca/news/canada/saskatoon/saskatoon-minor-hockey-analytics-1.4880951,Kelly Provost,Y,News
WILD PAIR ANALYTICS WITH COACHES' INSTINCTS TO GET MOST OUT OF PLAYERS - Iowa Wild,WILD PAIR ANALYTICS WITH COACHES' INSTINCTS TO GET MOST OUT OF PLAYERS  Iowa Wild,"Wed, 21 Nov 2018 08:00:00 GMT","{'href': 'https://www.iowawild.com', 'title': 'Iowa Wild'}",hockey+analytics,https://www.iowawild.com/news/detail/wild-pair-analytics-with-coaches-instincts-to-get-most-out-of-players,Iowa Wild,Y,Team/League Source
"Meet Charlie Townsend, the Sharks' 'filter' for advanced stats and analytics - The New York Times","Meet Charlie Townsend, the Sharks' 'filter' for advanced stats and analytics  The New York Times","Mon, 26 Nov 2018 08:00:00 GMT","{'href': 'https://www.nytimes.com', 'title': 'The New York Times'}",hockey+analytics,https://www.nytimes.com/athletic/676541/2018/11/26/meet-charlie-townsend-the-sharks-filter-for-advanced-stats-and-analytics/,Kevin Kurz,Y,News
Counterpoints | When NHL Best Practices Go Overboard - MIT Sloan Management Review,Counterpoints | When NHL Best Practices Go Overboard  MIT Sloan Management Review,"Thu, 13 Dec 2018 08:00:00 GMT","{'href': 'https://sloanreview.mit.edu', 'title': 'MIT Sloan Management Review'}",hockey+analytics,https://sloanreview.mit.edu/audio/when-nhl-best-practices-go-overboard/,Massachusetts Institute Of Technology,N,Website
"In an age of analytics, Bruce Cassidy still finds value in his hand-written notecards - The New York Times","In an age of analytics, Bruce Cassidy still finds value in his hand-written notecards  The New York Times","Mon, 28 Jan 2019 08:00:00 GMT","{'href': 'https://www.nytimes.com', 'title': 'The New York Times'}",hockey+analytics,https://www.nytimes.com/athletic/786885/2019/01/28/in-an-age-of-analytics-bruce-cassidy-still-finds-value-in-his-hand-written-notes/,Joe Mcdonald,Y,News
How Analytics Will Help Win the Next Stanley Cup - The Walrus,How Analytics Will Help Win the Next Stanley Cup  The Walrus,"Wed, 23 Jan 2019 08:00:00 GMT","{'href': 'https://thewalrus.ca', 'title': 'The Walrus'}",hockey+analytics,https://thewalrus.ca/how-analytics-will-help-win-the-next-stanley-cup/,Nathaniel Basen; Glenn Harvey,Y,Website
NHL develops iPad app to give coaches live stats during games - ESPN,NHL develops iPad app to give coaches live stats during games  ESPN,"Thu, 17 Jan 2019 08:00:00 GMT","{'href': 'https://www.espn.com', 'title': 'ESPN'}",hockey+analytics,https://www.espn.com/nhl/story/_/id/25784759/teams-track-stats-game-new-nhl-app,Greg Wyshynski,Y,Website
"Inside the arrival of NHL player tracking, from microchips to megabets - ESPN","Inside the arrival of NHL player tracking, from microchips to megabets  ESPN","Tue, 29 Jan 2019 08:00:00 GMT","{'href': 'https://www.espn.com', 'title': 'ESPN'}",hockey+analytics,https://www.espn.com/nhl/story/_/id/25872085/inside-arrival-nhl-player-tracking-microchips-megabets,Greg Wyshynski,Y,Website
Seattle’s team must prepare for incoming tidal wave of advanced NHL stats - The Seattle Times,Seattle’s team must prepare for incoming tidal wave of advanced NHL stats  The Seattle Times,"Mon, 04 Feb 2019 08:00:00 GMT","{'href': 'https://www.seattletimes.com', 'title': 'The Seattle Times'}",hockey+analytics,https://www.seattletimes.com/sports/hockey/seattles-team-must-prepare-for-incoming-tidal-wave-of-advanced-nhl-stats/,Geoff Baker,Y,News
Devils hire Tyler Dellow as Vice President of Analytics - NHL.com,Devils hire Tyler Dellow as Vice President of Analytics  NHL.com,"Wed, 03 Apr 2019 07:00:00 GMT","{'href': 'https://www.nhl.com', 'title': 'NHL.com'}",hockey+analytics,https://www.nhl.com/devils/news/devils-hire-tyler-dellow-as-vice-president-of-analytics-306395992,NHL,N,Team/League Source
Meghan Chayka’s work in analytics is breaking ground in hockey in more ways than one - The New York Times,Meghan Chayka’s work in analytics is breaking ground in hockey in more ways than one  The New York Times,"Fri, 05 Apr 2019 07:00:00 GMT","{'href': 'https://www.nytimes.com', 'title': 'The New York Times'}",hockey+analytics,https://www.nytimes.com/athletic/905991/2019/04/05/meghan-chaykas-work-in-analytics-is-breaking-ground-in-hockey-in-more-ways-than-one/,Jordan Samuels-Thomas,Y,News
Devils hire Tyler Dellow to run team’s analytics department - NJ.com,Devils hire Tyler Dellow to run team’s analytics department  NJ.com,"Wed, 03 Apr 2019 07:00:00 GMT","{'href': 'https://www.nj.com', 'title': 'NJ.com'}",hockey+analytics,https://www.nj.com/devils/2019/04/devils-hire-tyler-dellow-to-run-teams-analytics-department.html,Chris Ryan,Y,Website
NHL Analytics: Why Moneyball will never work in professional hockey - Puck Prose,NHL Analytics: Why Moneyball will never work in professional hockey  Puck Prose,"Fri, 03 May 2019 07:00:00 GMT","{'href': 'https://puckprose.com', 'title': 'Puck Prose'}",hockey+analytics,https://puckprose.com/2019/05/03/moneyball-type-analytics-will-never-work-professional-hockey/,Ant Barberio,Y,Website
How the Rangers could further involve analytics in the front office’s approach - The New York Times,How the Rangers could further involve analytics in the front office’s approach  The New York Times,"Wed, 19 Jun 2019 07:00:00 GMT","{'href': 'https://www.nytimes.com', 'title': 'The New York Times'}",hockey+analytics,https://www.nytimes.com/athletic/1028571/2019/06/19/how-the-rangers-could-further-involve-analytics-in-the-front-offices-approach/,Shayna Goldman,Y,News
"Stanley Cup Finals has Hockey Fans Tuning into PodcastOne's Dr. Hockey Podcast for NHL Analysis, Celebrity Guests - PR Newswire","Stanley Cup Finals has Hockey Fans Tuning into PodcastOne's Dr. Hockey Podcast for NHL Analysis, Celebrity Guests  PR Newswire","Wed, 05 Jun 2019 07:00:00 GMT","{'href': 'https://www.prnewswire.com', 'title': 'PR Newswire'}",hockey+analytics,https://www.prnewswire.com/news-releases/stanley-cup-finals-has-hockey-fans-tuning-into-podcastones-dr-hockey-podcast-for-nhl-analysis-celebrity-guests-300862321.html,Jay Calvert,Y,News
When should hockey teams pull the goalie? Study finds optimal time. - Big Think,When should hockey teams pull the goalie? Study finds optimal time.  Big Think,"Mon, 03 Jun 2019 07:00:00 GMT","{'href': 'https://bigthink.com', 'title': 'Big Think'}",hockey+analytics,https://bigthink.com/the-present/hockey/,Stephen Johnson,Y,Website
Improving our NHL projection model ahead of the 2019-20 season - The Athletic - The New York Times,Improving our NHL projection model ahead of the 2019-20 season - The Athletic  The New York Times,"Fri, 14 Jun 2019 07:00:00 GMT","{'href': 'https://www.nytimes.com', 'title': 'The New York Times'}",hockey+analytics,https://www.nytimes.com/athletic/1019070/2019/06/14/improving-our-nhl-projection-model-ahead-of-the-2019-20-season/,Dom Luszczyszyn,Y,News
Canucks hire former Daily Hive writer Ryan Biech to analytics department - Daily Hive,Canucks hire former Daily Hive writer Ryan Biech to analytics department  Daily Hive,"Fri, 12 Jul 2019 07:00:00 GMT","{'href': 'https://dailyhive.com', 'title': 'Daily Hive'}",hockey+analytics,https://dailyhive.com/vancouver/canucks-hire-ryan-biech-analytics,Rob Williams,Y,Website
"Measuring ice hockey skills in a repeated measures testing context: The effects of fatigue on skating efficiency, passing, agility, and shooting - The Sport Journal","Measuring ice hockey skills in a repeated measures testing context: The effects of fatigue on skating efficiency, passing, agility, and shooting  The Sport Journal","Thu, 08 Nov 2018 08:00:00 GMT","{'href': 'https://thesportjournal.org', 'title': 'The Sport Journal'}",hockey+statistics,https://thesportjournal.org/article/measuring-ice-hockey-skills-in-a-repeated-measures-testing-context-the-effects-of-fatigue-on-skating-efficiency-passing-agility-and-shooting/,U.S. Sports Academy,N,News
"What new tracking data and gambling might mean for NHL, fans - Sportsnet.ca","What new tracking data and gambling might mean for NHL, fans  Sportsnet.ca","Fri, 11 Jan 2019 08:00:00 GMT","{'href': 'https://www.sportsnet.ca', 'title': 'Sportsnet.ca'}",hockey+statistics,https://www.sportsnet.ca/hockey/nhl/new-tracking-data-gambling-might-mean-nhl-fans/,Elliotte Friedman,Y,Website
The story of HockeyDB: 'It sort of changed the world' - The New York Times,The story of HockeyDB: 'It sort of changed the world'  The New York Times,"Fri, 22 Mar 2019 07:00:00 GMT","{'href': 'https://www.nytimes.com', 'title': 'The New York Times'}",hockey+statistics,https://www.nytimes.com/athletic/882806/2019/03/22/the-story-of-hockeydb-it-sort-of-changed-the-world/,Craig Custance,Y,News
Analytics wind up for a shot in ice hockey - Knowable Magazine,Analytics wind up for a shot in ice hockey  Knowable Magazine,"Tue, 20 Aug 2019 07:00:00 GMT","{'href': 'https://knowablemagazine.org', 'title': 'Knowable Magazine'}",hockey+analytics,https://knowablemagazine.org/content/article/society/2019/analytics-wind-shot-ice-hockey,Yen Duong,Y,News
Wysh List: The most overrated advanced stats in hockey - ESPN,Wysh List: The most overrated advanced stats in hockey  ESPN,"Thu, 17 Oct 2019 07:00:00 GMT","{'href': 'https://www.espn.com', 'title': 'ESPN'}",hockey+analytics,https://www.espn.com/nhl/story/_/id/27864156/wysh-list-most-overrated-advanced-stats-hockey,Greg Wyshynski,Y,Website
‘I think we’re at the forefront’: Blackhawks confident in secretive analytics department’s place in NHL - The New York Times,‘I think we’re at the forefront’: Blackhawks confident in secretive analytics department’s place in NHL  The New York Times,"Fri, 18 Oct 2019 07:00:00 GMT","{'href': 'https://www.nytimes.com', 'title': 'The New York Times'}",hockey+analytics,https://www.nytimes.com/athletic/1303145/2019/10/18/i-think-were-at-the-forefront-blackhawks-confident-in-secretive-analytics-departments-place-in-nhl/,Scott Powers,Y,News
Ducks’ Erik Gudbranson weighs in on analytics debate around him and his fit with his new team - The New York Times,Ducks’ Erik Gudbranson weighs in on analytics debate around him and his fit with his new team  The New York Times,"Sun, 27 Oct 2019 07:00:00 GMT","{'href': 'https://www.nytimes.com', 'title': 'The New York Times'}",hockey+analytics,https://www.nytimes.com/athletic/1327815/2019/10/27/ducks-erik-gudbranson-weighs-in-on-analytics-debate-around-him-and-his-fit-with-his-new-team/,Eric Stephens,Y,News
Are Stats a Distraction in Youth Hockey? - Minnesota Hockey,Are Stats a Distraction in Youth Hockey?  Minnesota Hockey,"Wed, 20 Nov 2019 08:00:00 GMT","{'href': 'https://www.minnesotahockey.org', 'title': 'Minnesota Hockey'}",hockey+analytics,https://www.minnesotahockey.org/news_article/show/1066458,Steve Mann; Heather Rule; Jessi Pierce,Y,Team/League Source
"Hockey advanced stats primer, Part 2: How can (and should) we measure play-driving ability? - The Athletic - The New York Times","Hockey advanced stats primer, Part 2: How can (and should) we measure play-driving ability? - The Athletic  The New York Times","Thu, 05 Dec 2019 08:00:00 GMT","{'href': 'https://www.nytimes.com', 'title': 'The New York Times'}",hockey+analytics,https://www.nytimes.com/athletic/1381978/2019/12/05/hockey-advanced-stats-primer-part-2-how-can-and-should-we-measure-play-driving-ability/,Charlie OConnor,Y,News
"Number crunchers, stat gurus gather for NHL analytics conference - Toronto Sun","Number crunchers, stat gurus gather for NHL analytics conference  Toronto Sun","Mon, 10 Feb 2020 08:00:00 GMT","{'href': 'https://torontosun.com', 'title': 'Toronto Sun'}",hockey+analytics,https://torontosun.com/sports/hockey/nhl/number-crunchers-stat-gurus-gather-for-nhl-analytics-conference,Justin Holmes,Y,News
"Valeri Nichushkin likely having a better year than Leon Draisaitl, according to analytics enthusiasts. Hmm - Edmonton Journal","Valeri Nichushkin likely having a better year than Leon Draisaitl, according to analytics enthusiasts. Hmm  Edmonton Journal","Sun, 23 Feb 2020 08:00:00 GMT","{'href': 'https://edmontonjournal.com', 'title': 'Edmonton Journal'}",hockey+analytics,https://edmontonjournal.com/sports/hockey/nhl/cult-of-hockey/valeri-nichushkin-likely-having-a-better-year-leon-draisaitl-according-to-analytics-enthusiasts-huh,David Staples,Y,News
Here are all the sad stats about the Detroit Red Wings miserable season - FanSided,Here are all the sad stats about the Detroit Red Wings miserable season  FanSided,"Tue, 11 Feb 2020 08:00:00 GMT","{'href': 'https://fansided.com', 'title': 'FanSided'}",hockey+analytics,https://fansided.com/2020/02/11/detroit-red-wings-stats-sad/,Mary Clarke,Y,Blog
Primer: Advanced analytics in hockey made simple - DK Pittsburgh Sports,Primer: Advanced analytics in hockey made simple  DK Pittsburgh Sports,"Sun, 12 Apr 2020 07:00:00 GMT","{'href': 'https://www.dkpittsburghsports.com', 'title': 'DK Pittsburgh Sports'}",hockey+analytics,https://www.dkpittsburghsports.com/2020/10/05/hockey-advanced-analytics-stats-corsi-definition-tlh,Taylor Haase,Y,Website
Applying analytics to 2019 Women’s Worlds - IIHF,Applying analytics to 2019 Women’s Worlds  IIHF,"Tue, 14 Apr 2020 07:00:00 GMT","{'href': 'https://www.iihf.com', 'title': 'IIHF'}",hockey+analytics,https://www.iihf.com/en/news/18514/applying-analytics-to-2019-women-s-worlds,Lucas Aykroyd,Y,Team/League Source
Meghan Chayka reconnecting hockey’s analytics community amid pandemic - Sportsnet.ca,Meghan Chayka reconnecting hockey’s analytics community amid pandemic  Sportsnet.ca,"Mon, 20 Apr 2020 07:00:00 GMT","{'href': 'https://www.sportsnet.ca', 'title': 'Sportsnet.ca'}",hockey+analytics,https://www.sportsnet.ca/hockey/nhl/meghan-chayka-reconnecting-hockeys-analytics-community-amid-pandemic/sn-amp/,Sonny Sachdeva,Y,Website
The Science of Scoring - Ontario Minor Hockey Association,The Science of Scoring  Ontario Minor Hockey Association,"Tue, 12 May 2020 07:00:00 GMT","{'href': 'https://www.omha.net', 'title': 'Ontario Minor Hockey Association'}",hockey+analytics,https://www.omha.net/news_article/show/1104986,Ontario Minor Hockey Association,N,Website
The future of hockey broadcasting is making analytics mainstream - The Athletic - The New York Times,The future of hockey broadcasting is making analytics mainstream - The Athletic  The New York Times,"Tue, 16 Jun 2020 07:00:00 GMT","{'href': 'https://www.nytimes.com', 'title': 'The New York Times'}",hockey+analytics,https://www.nytimes.com/athletic/1814532/2020/06/16/the-future-of-hockey-broadcasting-is-making-analytics-mainstream/,Shayna Goldman,Y,News
Watching Hockey Through a Four-Inch Window: How Real-Time Data Is Poised to Transform the NHL - Sports Business Journal,Watching Hockey Through a Four-Inch Window: How Real-Time Data Is Poised to Transform the NHL  Sports Business Journal,"Wed, 22 Jan 2020 08:00:00 GMT","{'href': 'https://www.sportsbusinessjournal.com', 'title': 'Sports Business Journal'}",hockey+statistics,https://www.sportsbusinessjournal.com/Daily/Issues/2020/01/23/Technology/hockey-puck-player-tracking-real-time-data-nhl-smt/,Joe Lemire,Y,News
Montreal Canadiens: A Decade of Statistics (2010-2019) - The Hockey Writers,Montreal Canadiens: A Decade of Statistics (2010-2019)  The Hockey Writers,"Wed, 01 Jan 2020 08:00:00 GMT","{'href': 'https://thehockeywriters.com', 'title': 'The Hockey Writers'}",hockey+statistics,https://thehockeywriters.com/canadiens-2010-2019-key-statistics/,Jason Paul,Y,Website
Zone exit data reveals Canucks are one of NHL’s most improved teams at breakouts - The New York Times,Zone exit data reveals Canucks are one of NHL’s most improved teams at breakouts  The New York Times,"Tue, 07 Apr 2020 07:00:00 GMT","{'href': 'https://www.nytimes.com', 'title': 'The New York Times'}",hockey+statistics,https://www.nytimes.com/athletic/1728559/2020/04/07/zone-exit-data-reveals-canucks-are-one-of-nhls-most-improved-teams-at-breakouts/,Harman Dayal,Y,News
"Seattle Kraken hire former NHL player Gary Roberts, six others in hockey operations, analytics  ESPN","Seattle Kraken hire former NHL player Gary Roberts, six others in hockey operations, analytics  ESPN","Wed, 21 Oct 2020 07:00:00 GMT","{'href': 'https://www.espn.com', 'title': 'ESPN'}",hockey+analytics,https://www.espn.com/nhl/story/_/id/30161487/seattle-kraken-hire-former-nhl-player-gary-roberts-six-others-hockey-operations-analytics,Emily Kaplan,Y,Website
In Defense of Corsi  All About The Jersey,In Defense of Corsi  All About The Jersey,"Mon, 19 Oct 2020 07:00:00 GMT","{'href': 'https://www.allaboutthejersey.com', 'title': 'All About The Jersey'}",hockey+analytics,https://www.allaboutthejersey.com/2020/10/19/21522430/in-defense-of-corsi,Jenna Verrico,Y,Website
How the Lightning’s Michael Peterson became an NHL analytics pioneer  The New York Times,How the Lightning’s Michael Peterson became an NHL analytics pioneer  The New York Times,"Tue, 24 Nov 2020 08:00:00 GMT","{'href': 'https://www.nytimes.com', 'title': 'The New York Times'}",hockey+analytics,https://www.nytimes.com/athletic/2213294/2020/11/24/tampa-bay-lightning-nhl-analytics-michael-peterson-stanley-cup/,Joe Smith,Y,News
An Inside Look at Analytics With Eric Tulsky | Carolina Hurricanes  NHL.com,An Inside Look at Analytics With Eric Tulsky | Carolina Hurricanes  NHL.com,"Thu, 17 Dec 2020 08:00:00 GMT","{'href': 'https://www.nhl.com', 'title': 'NHL.com'}",hockey+analytics,https://www.nhl.com/hurricanes/news/inside-look-at-hockey-analytics-with-eric-tulsky-319823590,Michael Smith,Y,Team/League Source
Building the Kraken roster involves one of the NHL’s largest analytics staffs  The New York Times,Building the Kraken roster involves one of the NHL’s largest analytics staffs  The New York Times,"Tue, 08 Dec 2020 08:00:00 GMT","{'href': 'https://www.nytimes.com', 'title': 'The New York Times'}",hockey+analytics,https://www.nytimes.com/athletic/2238159/2020/12/08/building-the-kraken-roster-involves-one-of-the-nhls-largest-analytics-staffs/,Ryan S. Clark,Y,News
Meet the man leading the Penguins into a new era of hockey analytics  Pittsburgh Post-Gazette,Meet the man leading the Penguins into a new era of hockey analytics  Pittsburgh Post-Gazette,"Tue, 01 Dec 2020 08:00:00 GMT","{'href': 'https://www.post-gazette.com', 'title': 'Pittsburgh Post-Gazette'}",hockey+analytics,https://www.post-gazette.com/sports/penguins/2020/12/01/pittsburgh-penguins-sam-ventura-nhl-hockey-analytics-puck-player-tracking/stories/202012010022,Mike Defabo,Y,News
Staturday Weekly Column #3: Getting to know the Maple Leafs’ Analytics Department  The Leafs Nation,Staturday Weekly Column #3: Getting to know the Maple Leafs’ Analytics Department  The Leafs Nation,"Sat, 19 Dec 2020 08:00:00 GMT","{'href': 'https://theleafsnation.com', 'title': 'The Leafs Nation'}",hockey+analytics,https://theleafsnation.com/news/staturday-weekly-column-3-getting-to-know-the-maple-leafs-analytics-department,Ryan Hobart,Y,Blog
Carolina Hurricanes: The meteoric rise of Eric Tulsky  Cardiac Cane,Carolina Hurricanes: The meteoric rise of Eric Tulsky  Cardiac Cane,"Mon, 11 Jan 2021 08:00:00 GMT","{'href': 'https://cardiaccane.com', 'title': 'Cardiac Cane'}",hockey+analytics,https://cardiaccane.com/2021/01/11/carolina-hurricanes-meteoric-rise-eric-tulsky/,Conor Power,Y,Blog
NHL Puck Goes High-Tech for 2021 Season in the Name of Analytics  Commercial Integrator,NHL Puck Goes High-Tech for 2021 Season in the Name of Analytics  Commercial Integrator,"Mon, 04 Jan 2021 08:00:00 GMT","{'href': 'https://www.commercialintegrator.com', 'title': 'Commercial Integrator'}",hockey+analytics,https://www.commercialintegrator.com/insights/nhl-puck-high-tech-analytics/96110/,Craig MacCormack,Y,Website
Brad Marchand isn’t thrilled with the NHL’s video replay and new-age stats  The Boston Globe,Brad Marchand isn’t thrilled with the NHL’s video replay and new-age stats  The Boston Globe,"Thu, 11 Feb 2021 08:00:00 GMT","{'href': 'https://www.bostonglobe.com', 'title': 'The Boston Globe'}",hockey+analytics,https://www.bostonglobe.com/2021/02/11/sports/brad-marchand-bothered-by-dumb-stats/,Matt Porter,Y,News
Visualising how NHL players have performed in expected goals versus goals  The Win Column,Visualising how NHL players have performed in expected goals versus goals  The Win Column,"Sat, 27 Feb 2021 08:00:00 GMT","{'href': 'https://thewincolumn.ca', 'title': 'The Win Column'}",hockey+analytics,https://thewincolumn.ca/2021/02/27/visualising-how-nhl-players-have-performed-in-expected-goals-versus-goals/,Bill Tran,Y,Website
Jets star Mark Scheifele has no time for 'hogwash' analytics  Yahoo Sports Canada,Jets star Mark Scheifele has no time for 'hogwash' analytics  Yahoo Sports Canada,"Thu, 04 Mar 2021 08:00:00 GMT","{'href': 'https://ca.sports.yahoo.com', 'title': 'Yahoo Sports Canada'}",hockey+analytics,https://ca.sports.yahoo.com/news/jets-star-mark-scheifele-has-no-time-for-hogwash-analytics-200017431.html,Arun Srinivasan,Y,Website
How an analytics model used years of data to predict upsets in this year’s NCAA Tournament - The Athletic  The New York Times,How an analytics model used years of data to predict upsets in this year’s NCAA Tournament - The Athletic  The New York Times,"Sun, 21 Mar 2021 07:00:00 GMT","{'href': 'https://www.nytimes.com', 'title': 'The New York Times'}",hockey+analytics,https://www.nytimes.com/athletic/2467915/2021/03/21/how-an-analytics-model-used-years-of-data-to-predict-upsets-in-this-years-ncaa-tournament/,Dan Santaromita,Y,News
How the NHL Employs AWS to Maximize Its IoT Hardware and Engage Fans  Engineering.com,How the NHL Employs AWS to Maximize Its IoT Hardware and Engage Fans  Engineering.com,"Thu, 04 Mar 2021 08:00:00 GMT","{'href': 'https://www.engineering.com', 'title': 'Engineering.com'}",hockey+analytics,https://www.engineering.com/how-the-nhl-employs-aws-to-maximize-its-iot-hardware-and-engage-fans/,Zeeshan Hussain,Y,Website
Hockey Analytics: 4v4 Play Performance  NBC Sports,Hockey Analytics: 4v4 Play Performance  NBC Sports,"Thu, 29 Apr 2021 07:00:00 GMT","{'href': 'https://www.nbcsports.com', 'title': 'NBC Sports'}",hockey+analytics,https://www.nbcsports.com/fantasy/hockey/news/article-hockey-analytics-hockey-analytics-4v4-play-performance,Gus Katsaros,Y,News
Adjusting How We Evaluate and Analyze Goaltenders  The Hockey Writers,Adjusting How We Evaluate and Analyze Goaltenders  The Hockey Writers,"Thu, 08 Apr 2021 07:00:00 GMT","{'href': 'https://thehockeywriters.com', 'title': 'The Hockey Writers'}",hockey+analytics,https://thehockeywriters.com/evaluating-analyzing-goaltenders-changes/,Jake Zrihen,Y,Website
"NHL, Amazon Web Services to debut advanced stats during playoffs  NHL.com","NHL, Amazon Web Services to debut advanced stats during playoffs  NHL.com","Thu, 13 May 2021 07:00:00 GMT","{'href': 'https://www.nhl.com', 'title': 'NHL.com'}",hockey+analytics,https://www.nhl.com/news/nhl-aws-to-debut-advanced-stats-during-playoffs-324660432,NHL Public Relations,N,Team/League Source
AWS and NHL launch new stats powered by AWS in advance of Stanley Cup Playoffs  About Amazon,AWS and NHL launch new stats powered by AWS in advance of Stanley Cup Playoffs  About Amazon,"Thu, 13 May 2021 07:00:00 GMT","{'href': 'https://www.aboutamazon.com', 'title': 'About Amazon'}",hockey+analytics,https://www.aboutamazon.com/news/aws/aws-and-nhl-launch-new-stats-powered-by-aws-in-advance-of-stanley-cup-playoffs,Amazon Staff,N,Website
"NHL To Debut Shot, Save Analytics Powered by AWS During 2021 Stanley Cup Playoffs  Sports Video Group","NHL To Debut Shot, Save Analytics Powered by AWS During 2021 Stanley Cup Playoffs  Sports Video Group","Fri, 14 May 2021 07:00:00 GMT","{'href': 'https://www.sportsvideo.org', 'title': 'Sports Video Group'}",hockey+analytics,https://www.sportsvideo.org/2021/05/14/nhl-to-debut-shot-save-analytics-powered-by-aws-during-2021-stanley-cup-playoffs/,Brandon Costa,Y,Website
SAP-NHL Coaching Insights app enhances real-time game data  TechTarget,SAP-NHL Coaching Insights app enhances real-time game data  TechTarget,"Fri, 07 May 2021 07:00:00 GMT","{'href': 'https://www.techtarget.com', 'title': 'TechTarget'}",hockey+analytics,https://www.techtarget.com/searchsap/news/252500436/SAP-NHL-Coaching-Insights-app-enhances-real-time-game-data,News Director,N,Website
Mehta's pioneering role in analytics leads him to Panthers front office  NHL.com,Mehta's pioneering role in analytics leads him to Panthers front office  NHL.com,"Sun, 06 Jun 2021 07:00:00 GMT","{'href': 'https://www.nhl.com', 'title': 'NHL.com'}",hockey+analytics,https://www.nhl.com/news/sunny-mehta-had-unique-path-to-panthers-front-office-325214392,Cristina Ledra,Y,Team/League Source
Penguins Lose Analytics Guru Sam Ventura to Buffalo Sabres  Pittsburgh Hockey Now,Penguins Lose Analytics Guru Sam Ventura to Buffalo Sabres  Pittsburgh Hockey Now,"Mon, 05 Jul 2021 07:00:00 GMT","{'href': 'https://pittsburghhockeynow.com', 'title': 'Pittsburgh Hockey Now'}",hockey+analytics,https://pittsburghhockeynow.com/pittsburgh-penguins-lose-analytics-guru-sam-ventura/,Dan Kingerski,Y,Website
Sabres name Sam Ventura VP of hockey strategy and research  Buffalo Hockey Beat,Sabres name Sam Ventura VP of hockey strategy and research  Buffalo Hockey Beat,"Tue, 06 Jul 2021 07:00:00 GMT","{'href': 'https://www.buffalohockeybeat.com', 'title': 'Buffalo Hockey Beat'}",hockey+analytics,https://www.buffalohockeybeat.com/sabres-name-sam-ventura-vp-of-hockey-strategy-and-research/,Bill Hoppe,Y,Website
Penguins analytics guru Sam Ventura hired away by Buffalo Sabres  Pittsburgh Post-Gazette,Penguins analytics guru Sam Ventura hired away by Buffalo Sabres  Pittsburgh Post-Gazette,"Mon, 05 Jul 2021 07:00:00 GMT","{'href': 'https://www.post-gazette.com', 'title': 'Pittsburgh Post-Gazette'}",hockey+analytics,https://www.post-gazette.com/sports/penguins/2021/07/05/penguins-analytics-guru-sam-ventura-hired-away-by-buffalo-sabres/stories/202107050086,Mike Defabo,Y,News
Breaking down the inconsistencies in counting hits between different NHL arenas  The Win Column,Breaking down the inconsistencies in counting hits between different NHL arenas  The Win Column,"Sat, 30 Jan 2021 08:00:00 GMT","{'href': 'https://thewincolumn.ca', 'title': 'The Win Column'}",hockey+statistics,https://thewincolumn.ca/2021/01/30/breaking-down-the-inconsistencies-in-counting-hits-between-different-nhl-arenas/,Karim Kurji,Y,Website
Fantasy Hockey Scoring Is Flawed; Analytics Can Help  The Hockey Writers,Fantasy Hockey Scoring Is Flawed; Analytics Can Help  The Hockey Writers,"Tue, 12 Jan 2021 08:00:00 GMT","{'href': 'https://thehockeywriters.com', 'title': 'The Hockey Writers'}",hockey+statistics,https://thehockeywriters.com/fantasy-hockey-scoring-broken-solutions/,Dante Giugliano,Y,Website
Data Dump: How usage of 16-year-old players has shifted in WHL  Sound Of Hockey,Data Dump: How usage of 16-year-old players has shifted in WHL  Sound Of Hockey,"Sat, 03 Apr 2021 07:00:00 GMT","{'href': 'https://soundofhockey.com', 'title': 'Sound Of Hockey'}",hockey+statistics,https://soundofhockey.com/2021/04/03/data-dump-how-usage-of-16-year-old-players-has-shifted-in-whl/,John Barr,Y,Website
NHL teams have more data than ever; figuring out what matters is new test - Sportsnet.ca,NHL teams have more data than ever; figuring out what matters is new test  Sportsnet.ca,"Wed, 01 Sep 2021 07:00:00 GMT","{'href': 'https://www.sportsnet.ca', 'title': 'Sportsnet.ca'}",hockey+analytics,https://www.sportsnet.ca/nhl/article/nhl-teams-data-ever-figuring-matters-new-challenge/,Justin Bourne,Y,Website
"Here are the analytics the Kraken valued when building its roster, and what they mean - The Seattle Times","Here are the analytics the Kraken valued when building its roster, and what they mean  The Seattle Times","Mon, 11 Oct 2021 07:00:00 GMT","{'href': 'https://www.seattletimes.com', 'title': 'The Seattle Times'}",hockey+analytics,https://www.seattletimes.com/sports/kraken/here-are-the-analytics-the-kraken-valued-when-building-its-roster-and-what-they-mean/,Marisa Ingemi,Y,News
Hockey Analytics: Defensive Metrics - NBC Sports,Hockey Analytics: Defensive Metrics  NBC Sports,"Wed, 20 Oct 2021 07:00:00 GMT","{'href': 'https://www.nbcsports.com', 'title': 'NBC Sports'}",hockey+analytics,https://www.nbcsports.com/fantasy/hockey/news/article-hockey-analytics-hockey-analytics-defensive-metrics,Gus Katsaros,Y,News
Player Tracking in Youth Hockey? The Future is Now - The Hockey News,Player Tracking in Youth Hockey? The Future is Now  The Hockey News,"Wed, 20 Oct 2021 07:00:00 GMT","{'href': 'https://thehockeynews.com', 'title': 'The Hockey News'}",hockey+analytics,https://thehockeynews.com/news/news/player-tracking-in-youth-hockey-the-future-is-now,Matt Larkin,Y,Website
"Catapult Develops First-Ever Goalie Performance Tracking, Giving Ice Hockey Coaches A 360° View Of Every Athlete - PR Newswire","Catapult Develops First-Ever Goalie Performance Tracking, Giving Ice Hockey Coaches A 360° View Of Every Athlete  PR Newswire","Wed, 03 Nov 2021 07:00:00 GMT","{'href': 'https://www.prnewswire.com', 'title': 'PR Newswire'}",hockey+analytics,https://www.prnewswire.com/news-releases/catapult-develops-first-ever-goalie-performance-tracking-giving-ice-hockey-coaches-a-360-view-of-every-athlete-301415437.html,Catapult,N,Website
Analytics with Alison: Dangerous Passes - NHL.com,Analytics with Alison: Dangerous Passes  NHL.com,"Fri, 05 Nov 2021 07:00:00 GMT","{'href': 'https://www.nhl.com', 'title': 'NHL.com'}",hockey+analytics,https://www.nhl.com/kraken/news/analytics-with-alison-dangerous-passes-327627898,Alison Lukan,Y,Team/League Source
"Synergy Sports named “Official Analytics Provider of the ECHL"" - ECHL","Synergy Sports named “Official Analytics Provider of the ECHL""  ECHL","Thu, 09 Dec 2021 08:00:00 GMT","{'href': 'https://echl.com', 'title': 'ECHL'}",hockey+analytics,https://echl.com/news/2021/12/synergy-sports-named-official-analytics-provider-of-the-echl,ECHL,N,Website
Comparing public expected goal models: How they work and what we should take away from them - The New York Times,Comparing public expected goal models: How they work and what we should take away from them  The New York Times,"Thu, 09 Dec 2021 08:00:00 GMT","{'href': 'https://www.nytimes.com', 'title': 'The New York Times'}",hockey+analytics,https://www.nytimes.com/athletic/3006028/2021/12/09/comparing-public-expected-goal-models-how-they-work-and-what-we-should-take-away-from-them/,Shayna Goldman,Y,News
"Meet Michael Perelman, the ""numbers guy"" for the St. Louis Blues - - St. Louis Jewish Light","Meet Michael Perelman, the ""numbers guy"" for the St. Louis Blues -  St. Louis Jewish Light","Sun, 30 Jan 2022 08:00:00 GMT","{'href': 'https://stljewishlight.org', 'title': 'St. Louis Jewish Light'}",hockey+analytics,https://stljewishlight.org/sports/lighter-side-meet-michael-perelman-the-jewish-numbers-guy-for-the-st-louis-blues/,Bill Motchan,Y,Website
Analytics with Alison: Being Heavy on the Puck - NHL.com,Analytics with Alison: Being Heavy on the Puck  NHL.com,"Fri, 21 Jan 2022 08:00:00 GMT","{'href': 'https://www.nhl.com', 'title': 'NHL.com'}",hockey+analytics,https://www.nhl.com/kraken/news/seattle-kraken-analytics-with-alison-puck-possession-329918322,Alison Lukan,Y,Team/League Source
How to build an analytics department: Montreal Canadiens (and others) prepare to join NHL’s push into big data - The New York Times,How to build an analytics department: Montreal Canadiens (and others) prepare to join NHL’s push into big data  The New York Times,"Sat, 29 Jan 2022 08:00:00 GMT","{'href': 'https://www.nytimes.com', 'title': 'The New York Times'}",hockey+analytics,https://www.nytimes.com/athletic/3083083/2022/01/29/how-to-build-an-analytics-department-montreal-canadiens-and-others-prepare-to-join-nhls-push-into-big-data/,Marc Antoine Godin,Y,News
Canucks hire former Devils analyst Rachel Doerrie in analytics role - Vancouver Is Awesome,Canucks hire former Devils analyst Rachel Doerrie in analytics role  Vancouver Is Awesome,"Thu, 20 Jan 2022 08:00:00 GMT","{'href': 'https://www.vancouverisawesome.com', 'title': 'Vancouver Is Awesome'}",hockey+analytics,https://www.vancouverisawesome.com/canucks-hockey/canucks-hire-former-devils-analyst-rachel-doerrie-in-analytics-role-4977722,Rachel Doerrie,Y,Website
NHL ANALYTICS: EVALUATING SHOT ASSISTS - NBC Sports,NHL ANALYTICS: EVALUATING SHOT ASSISTS  NBC Sports,"Thu, 10 Feb 2022 08:00:00 GMT","{'href': 'https://www.nbcsports.com', 'title': 'NBC Sports'}",hockey+analytics,https://www.nbcsports.com/fantasy/hockey/news/article-hockey-analytics-nhl-analytics-evaluating-shot-assists,Gus Katsaros,Y,News
NHL ANALYTICS: GOALS SAVED ABOVE EXPECTED - NBC Sports,NHL ANALYTICS: GOALS SAVED ABOVE EXPECTED  NBC Sports,"Thu, 17 Feb 2022 08:00:00 GMT","{'href': 'https://www.nbcsports.com', 'title': 'NBC Sports'}",hockey+analytics,https://www.nbcsports.com/fantasy/hockey/news/article-hockey-analytics-nhl-analytics-goals-saved-above-expected,Gus Katsaros,Y,News
What Do NHL Coaches Really Think About Analytics? – Chris Therien Finds Out - Crossing Broad,What Do NHL Coaches Really Think About Analytics? – Chris Therien Finds Out  Crossing Broad,"Tue, 08 Mar 2022 08:00:00 GMT","{'href': 'https://www.crossingbroad.com', 'title': 'Crossing Broad'}",hockey+analytics,https://www.crossingbroad.com/news/flyers/what-do-nhl-coaches-really-think-about-analytics-chris-therien-finds-out/,Crossing Broad Staff,N,Blog
"A look into the Devils’ analytics team, how they understand data and their relationship with the front office - The New York Times","A look into the Devils’ analytics team, how they understand data and their relationship with the front office  The New York Times","Wed, 30 Mar 2022 07:00:00 GMT","{'href': 'https://www.nytimes.com', 'title': 'The New York Times'}",hockey+analytics,https://www.nytimes.com/athletic/3218905/2022/03/30/a-look-into-the-new-jersey-devils-analytics-team-how-they-understand-data-and-their-relationship-with-the-front-office/,Shayna Goldman,Y,News
AWS and the NHL Unveil New Face-off Probability Stat to Bring Hockey Fans Closer to the Action on the Ice - Business Wire,AWS and the NHL Unveil New Face-off Probability Stat to Bring Hockey Fans Closer to the Action on the Ice  Business Wire,"Tue, 01 Mar 2022 08:00:00 GMT","{'href': 'https://www.businesswire.com', 'title': 'Business Wire'}",hockey+analytics,https://www.businesswire.com/news/home/20220301005578/en/AWS-and-the-NHL-Unveil-New-Face-off-Probability-Stat-to-Bring-Hockey-Fans-Closer-to-the-Action-on-the-Ice,Business Wire,N,News
"NHL, Amazon unveil new face-off probability stat - NHL.com","NHL, Amazon unveil new face-off probability stat  NHL.com","Tue, 01 Mar 2022 08:00:00 GMT","{'href': 'https://www.nhl.com', 'title': 'NHL.com'}",hockey+analytics,https://www.nhl.com/news/nhl-amazon-unveil-new-face-off-probability-stat-331301168,NHL Public Relations,N,Team/League Source
NHL launching faceoff probability stat with AWS technology - Tech Xplore,NHL launching faceoff probability stat with AWS technology  Tech Xplore,"Tue, 01 Mar 2022 08:00:00 GMT","{'href': 'https://techxplore.com', 'title': 'Tech Xplore'}",hockey+analytics,https://techxplore.com/news/2022-03-nhl-faceoff-probability-stat-aws.html,Stephen Whyno,Y,Website
Analytics with Alison: The Deserve to Win O'Meter - NHL.com,Analytics with Alison: The Deserve to Win O'Meter  NHL.com,"Tue, 01 Mar 2022 08:00:00 GMT","{'href': 'https://www.nhl.com', 'title': 'NHL.com'}",hockey+analytics,https://www.nhl.com/kraken/news/seattle-kraken-analytics-with-alison-deserve-to-win-o-meter-331361512,Alison Lukan,Y,Team/League Source
What is expected goal differential? The advanced stat sweeping through the hockey world - sportingnews.com,What is expected goal differential? The advanced stat sweeping through the hockey world  sportingnews.com,"Mon, 28 Mar 2022 07:00:00 GMT","{'href': 'https://www.sportingnews.com', 'title': 'sportingnews.com'}",hockey+analytics,https://www.sportingnews.com/us/nhl/news/expected-goal-differential-advanced-stat-nhl/loympvi7qdpy3vhr4qfw8oj7,Bryan Murphy,Y,Website
"In the hockey analytics community, Corey Sznajder ‘truly stands alone’ - The Athletic - The New York Times","In the hockey analytics community, Corey Sznajder ‘truly stands alone’ - The Athletic  The New York Times","Thu, 14 Apr 2022 07:00:00 GMT","{'href': 'https://www.nytimes.com', 'title': 'The New York Times'}",hockey+analytics,https://www.nytimes.com/athletic/3249074/2022/04/14/corey-sznajder-hockey-analytics/,Scott Powers,Y,News
‘They’re good nerds’ - Inside the collaborative partnership between Bruce Cassidy and Bruins' analytics staff - Boston Sports Journal,‘They’re good nerds’ - Inside the collaborative partnership between Bruce Cassidy and Bruins' analytics staff  Boston Sports Journal,"Sun, 24 Apr 2022 07:00:00 GMT","{'href': 'https://www.bostonsportsjournal.com', 'title': 'Boston Sports Journal'}",hockey+analytics,https://www.bostonsportsjournal.com/2022/04/25/inside-the-collaborative-partnership-between-bruce-cassidy-and-bruins-analytics-staff,Conor Ryan,Y,News
AWA: Tilting the Ice - What it Means and how we Measure it - NHL.com,AWA: Tilting the Ice - What it Means and how we Measure it  NHL.com,"Wed, 20 Apr 2022 07:00:00 GMT","{'href': 'https://www.nhl.com', 'title': 'NHL.com'}",hockey+analytics,https://www.nhl.com/kraken/news/seattle-kraken-analytics-with-alison-tilting-the-ice-333212842,Alison Lukan,Y,Team/League Source
The Canadiens have found the person who will be charged with building their new hockey analytics department - The New York Times,The Canadiens have found the person who will be charged with building their new hockey analytics department  The New York Times,"Fri, 13 May 2022 07:00:00 GMT","{'href': 'https://www.nytimes.com', 'title': 'The New York Times'}",hockey+analytics,https://www.nytimes.com/athletic/3309796/2022/05/13/the-canadiens-have-found-the-person-who-will-be-charged-with-building-their-new-analytics-department/,Marc Antoine Godin,Y,News
Canadiens appoint Christopher Boucher as Director of Hockey Analytics - Sportsnet.ca,Canadiens appoint Christopher Boucher as Director of Hockey Analytics  Sportsnet.ca,"Fri, 13 May 2022 07:00:00 GMT","{'href': 'https://www.sportsnet.ca', 'title': 'Sportsnet.ca'}",hockey+analytics,https://www.sportsnet.ca/nhl/article/canadiens-appoint-christopher-boucher-as-director-of-hockey-analytics/,Sportsnet Staff,N,Website
"With Jeff Greenberg aboard, Blackhawks seek to ‘close the gap’ between baseball, hockey data systems - Chicago Sun-Times","With Jeff Greenberg aboard, Blackhawks seek to ‘close the gap’ between baseball, hockey data systems  Chicago Sun-Times","Sat, 21 May 2022 07:00:00 GMT","{'href': 'https://chicago.suntimes.com', 'title': 'Chicago Sun-Times'}",hockey+analytics,https://chicago.suntimes.com/blackhawks/2022/5/21/23103605/blackhawks-cubs-hockey-baseball-systems-analytics-jeff-greenberg-kyle-davidson,Ben Pope,Y,News
Canucks promote Aiden Fox to head of analytics department - The Province,Canucks promote Aiden Fox to head of analytics department  The Province,"Fri, 20 May 2022 07:00:00 GMT","{'href': 'https://theprovince.com', 'title': 'The Province'}",hockey+analytics,https://theprovince.com/sports/hockey/nhl/vancouver-canucks/canucks-promote-aiden-fox-to-head-of-analytics-department,Patrick Johnston,Y,Website
Vancouver Canucks name Aiden Fox new head of team analytics department - Canucks Army,Vancouver Canucks name Aiden Fox new head of team analytics department  Canucks Army,"Fri, 20 May 2022 07:00:00 GMT","{'href': 'https://canucksarmy.com', 'title': 'Canucks Army'}",hockey+analytics,https://canucksarmy.com/news/vancouver-canucks-aiden-fox-analytics-allvin,Mike Gould,Y,Blog
Analytics in the NHL: Where it’s at and where it’s going next - The New York Times,Analytics in the NHL: Where it’s at and where it’s going next  The New York Times,"Fri, 24 Jun 2022 07:00:00 GMT","{'href': 'https://www.nytimes.com', 'title': 'The New York Times'}",hockey+analytics,https://www.nytimes.com/athletic/3381342/2022/06/24/nhl-analytics-stats/,Shayna Goldman,Y,News
Examining the value of NHL Draft picks - Sound Of Hockey,Examining the value of NHL Draft picks  Sound Of Hockey,"Mon, 06 Jun 2022 07:00:00 GMT","{'href': 'https://soundofhockey.com', 'title': 'Sound Of Hockey'}",hockey+analytics,https://soundofhockey.com/2022/06/06/examining-the-value-of-nhl-draft-picks/,Curtis Isacke,Y,Blog
Advanced Analytics Hate the Rangers. They Keep Winning Anyway. - New York Magazine,Advanced Analytics Hate the Rangers. They Keep Winning Anyway.  New York Magazine,"Wed, 01 Jun 2022 07:00:00 GMT","{'href': 'https://nymag.com', 'title': 'New York Magazine'}",hockey+analytics,https://nymag.com/intelligencer/2022/06/advanced-analytics-hate-the-rangers-but-they-keep-winning.html,Joe Delessio,Y,News
How do NHL analytics measure player and team value? Explaining the key advanced stats - The New York Times,How do NHL analytics measure player and team value? Explaining the key advanced stats  The New York Times,"Wed, 22 Jun 2022 07:00:00 GMT","{'href': 'https://www.nytimes.com', 'title': 'The New York Times'}",hockey+analytics,https://www.nytimes.com/athletic/3377555/2022/06/22/nhl-analytics-player-team-value/,Shayna Goldman; Charlie OConnor,Y,News
"NHL's new in-game faceoff probability combines data, technology to enhance viewer experience - ESPN","NHL's new in-game faceoff probability combines data, technology to enhance viewer experience  ESPN","Tue, 01 Mar 2022 08:00:00 GMT","{'href': 'https://www.espn.com', 'title': 'ESPN'}",hockey+statistics,https://www.espn.com/nhl/story/_/id/33396125/nhl-new-game-faceoff-probability-combines-data-technology-enhance-viewer-experience,Greg Wyshynski,Y,Website
At What Age Do NHL Players Reach Their Career-High Point Totals? | by Christian Lee | Hockey Stats - Medium,At What Age Do NHL Players Reach Their Career-High Point Totals? | by Christian Lee | Hockey Stats  Medium,"Mon, 25 Jul 2022 07:00:00 GMT","{'href': 'https://medium.com', 'title': 'Medium'}",hockey+statistics,https://medium.com/hockey-stats/at-what-age-do-nhl-players-reach-their-career-high-point-totals-bf9f4a999ddf,Christian Lee,Y,Website
How the Sabres’ 2022 NHL Draft strategy was boosted by Sam Ventura and the analytics department - The New York Times,How the Sabres’ 2022 NHL Draft strategy was boosted by Sam Ventura and the analytics department  The New York Times,"Thu, 11 Aug 2022 07:00:00 GMT","{'href': 'https://www.nytimes.com', 'title': 'The New York Times'}",hockey+analytics,https://www.nytimes.com/athletic/3475314/2022/08/11/sabres-analytics-sam-ventura-nhl-draft/,Matthew Fairburn,Y,News
Inside the Stats: Basic Goalie Stats - Inside The Rink,Inside the Stats: Basic Goalie Stats  Inside The Rink,"Wed, 17 Aug 2022 01:19:55 GMT","{'href': 'https://insidetherink.com', 'title': 'Inside The Rink'}",hockey+analytics,https://insidetherink.com/inside-the-stats-basic-goalie-stats/,Nick Piccolo,Y,Website
Hudl Acquires Sports Performance Analysis Provider InStat to Strengthen Its Suite of Professional Solutions - Business Wire,Hudl Acquires Sports Performance Analysis Provider InStat to Strengthen Its Suite of Professional Solutions  Business Wire,"Thu, 18 Aug 2022 07:00:00 GMT","{'href': 'https://www.businesswire.com', 'title': 'Business Wire'}",hockey+analytics,https://www.businesswire.com/news/home/20220817005617/en/Hudl-Acquires-Sports-Performance-Analysis-Provider-InStat-to-Strengthen-Its-Suite-of-Professional-Solutions,Business Wire,N,News
NBA analytics: Exactly how much does a win cost? - The New York Times,NBA analytics: Exactly how much does a win cost?  The New York Times,"Tue, 23 Aug 2022 07:00:00 GMT","{'href': 'https://www.nytimes.com', 'title': 'The New York Times'}",hockey+analytics,https://www.nytimes.com/athletic/3517502/2022/08/23/nba-analytics-win-cost/,Mike Vorkunov; Seth Partnow,Y,News
Kraken promote analytics director Alexandra Mandrycky to assistant GM - The Seattle Times,Kraken promote analytics director Alexandra Mandrycky to assistant GM  The Seattle Times,"Wed, 14 Sep 2022 07:00:00 GMT","{'href': 'https://www.seattletimes.com', 'title': 'The Seattle Times'}",hockey+analytics,https://www.seattletimes.com/sports/kraken/kraken-promote-analytics-director-alexandra-mandrycky-to-assistant-gm/,Geoff Baker,Y,News
Inside the NHL's secret arms race for competitive advantage - ESPN,Inside the NHL's secret arms race for competitive advantage  ESPN,"Wed, 05 Oct 2022 07:00:00 GMT","{'href': 'https://www.espn.com', 'title': 'ESPN'}",hockey+analytics,https://www.espn.com/nhl/story/_/id/34710295/nhl-secret-race-competitive-advantage,Emily Kaplan,Y,Website
A newbie-friendly walkthrough of different hockey analytics resources - RMNB,A newbie-friendly walkthrough of different hockey analytics resources  RMNB,"Sun, 27 Nov 2022 08:00:00 GMT","{'href': 'https://russianmachineneverbreaks.com', 'title': 'RMNB'}",hockey+analytics,https://russianmachineneverbreaks.com/2022/11/27/a-newbie-friendly-walkthrough-of-different-hockey-analytics-resources/,Peter Hassett,Y,Blog
"NHL analytics and the advantage of mid-air tips: High shots, broken plays and ‘chaos’ - The New York Times","NHL analytics and the advantage of mid-air tips: High shots, broken plays and ‘chaos’  The New York Times","Wed, 21 Dec 2022 08:00:00 GMT","{'href': 'https://www.nytimes.com', 'title': 'The New York Times'}",hockey+analytics,https://www.nytimes.com/athletic/3973116/2022/12/21/nhl-analytics-mid-air-tips/,Fluto Shinzawa,Y,News
Penguins Perspectives: Spreadsheet hockey - CBS News,Penguins Perspectives: Spreadsheet hockey  CBS News,"Mon, 12 Dec 2022 08:00:00 GMT","{'href': 'https://www.cbsnews.com', 'title': 'CBS News'}",hockey+analytics,https://www.cbsnews.com/pittsburgh/news/penguins-perspectives-spreadsheet-hockey/,Patrick Damp,Y,News
Measurement of temporal and spatial parameters of ice hockey skating using a wearable system - Nature,Measurement of temporal and spatial parameters of ice hockey skating using a wearable system  Nature,"Sat, 24 Dec 2022 08:00:00 GMT","{'href': 'https://www.nature.com', 'title': 'Nature'}",hockey+analytics,https://www.nature.com/articles/s41598-022-26777-9,Aminreza Khandan; Ramin Fathian; Jason Carey; Hossein Rouhani,Y,Research
The DAWG Rating: Explaining the stat and showing every Canucks player’s DAWG Rating this season - Canucks Army,The DAWG Rating: Explaining the stat and showing every Canucks player’s DAWG Rating this season  Canucks Army,"Sat, 24 Dec 2022 08:00:00 GMT","{'href': 'https://canucksarmy.com', 'title': 'Canucks Army'}",hockey+analytics,https://canucksarmy.com/news/dawg-rating-explaining-new-stat-showing-every-canucks-players-dawg-rating-season,Faber,N,Blog
Analytics With Alison: Beyond the Stat: Faceoffs - NHL.com,Analytics With Alison: Beyond the Stat: Faceoffs  NHL.com,"Wed, 04 Jan 2023 08:00:00 GMT","{'href': 'https://www.nhl.com', 'title': 'NHL.com'}",hockey+analytics,https://www.nhl.com/kraken/news/analytics-with-alison-beyond-the-stat-faceoffs-339533316,Alison Lukan,Y,Team/League Source
How the Wild have embraced analytics — an inside look: ‘It’s part of everything’ - The New York Times,How the Wild have embraced analytics — an inside look: ‘It’s part of everything’  The New York Times,"Mon, 16 Jan 2023 08:00:00 GMT","{'href': 'https://www.nytimes.com', 'title': 'The New York Times'}",hockey+analytics,https://www.nytimes.com/athletic/4089604/2023/01/16/minnesota-wild-analytics-nhl/,Joe Smith,Y,News
Why good players on bad teams can’t be judged by their stats alone - Sportsnet.ca,Why good players on bad teams can’t be judged by their stats alone  Sportsnet.ca,"Wed, 08 Feb 2023 08:00:00 GMT","{'href': 'https://www.sportsnet.ca', 'title': 'Sportsnet.ca'}",hockey+analytics,https://www.sportsnet.ca/nhl/article/why-good-players-on-bad-teams-cant-be-judged-by-their-stats-alone/,Justin Bourne,Y,Website
Sport & Entertainment Analytics Conference honors Tampa Bay Lightning with Innovator Award - University of South Florida,Sport & Entertainment Analytics Conference honors Tampa Bay Lightning with Innovator Award  University of South Florida,"Thu, 02 Mar 2023 08:00:00 GMT","{'href': 'https://www.usf.edu', 'title': 'University of South Florida'}",hockey+analytics,https://www.usf.edu/business/news/2023/03-02-seac-usf-muma-lightning.aspx,Elizabeth Brown,Y,Website
"How Ciatti, Hall built Michigan hockey analytics, video departments - The Michigan Daily","How Ciatti, Hall built Michigan hockey analytics, video departments  The Michigan Daily","Fri, 24 Mar 2023 07:00:00 GMT","{'href': 'https://www.michigandaily.com', 'title': 'The Michigan Daily'}",hockey+analytics,https://www.michigandaily.com/sports/ice-hockey/building-a-plane-as-you-fly-it-how-anthony-ciatti-and-evan-hall-developed-michigan-hock-analytics-and-video/,Noah Kingsley,Y,News
How and why do microstats matter? A conversation with Corey Sznajder - Elite Prospects,How and why do microstats matter? A conversation with Corey Sznajder  Elite Prospects,"Wed, 29 Mar 2023 07:00:00 GMT","{'href': 'https://www.eliteprospects.com', 'title': 'Elite Prospects'}",hockey+analytics,https://www.eliteprospects.com/news/nhl/microstats-the-eye-test-and-player-evaluation-a-conversation-with-corey-sznajder,JFresh,N,Website
Do you still have to be an Analytics Darling to win the Stanley Cup? - Daily Faceoff,Do you still have to be an Analytics Darling to win the Stanley Cup?  Daily Faceoff,"Tue, 14 Mar 2023 07:00:00 GMT","{'href': 'https://www.dailyfaceoff.com', 'title': 'Daily Faceoff'}",hockey+analytics,https://www.dailyfaceoff.com/news/do-you-still-have-to-be-an-analytics-darling-to-win-the-stanley-cup,Matt Larkin,Y,Website
The Athletic joins MIT’s Sloan Sports Analytics Conference — part one - The New York Times,The Athletic joins MIT’s Sloan Sports Analytics Conference — part one  The New York Times,"Fri, 03 Mar 2023 08:00:00 GMT","{'href': 'https://www.nytimes.com', 'title': 'The New York Times'}",hockey+analytics,https://www.nytimes.com/athletic/4270414/2023/03/03/mit-sloan-sports-analytics-conference/,John Muller,Y,News
Introducing the ‘new’ NHL stats fans should know: Offensive and Defensive Rating - The New York Times,Introducing the ‘new’ NHL stats fans should know: Offensive and Defensive Rating  The New York Times,"Wed, 12 Apr 2023 07:00:00 GMT","{'href': 'https://www.nytimes.com', 'title': 'The New York Times'}",hockey+analytics,https://www.nytimes.com/athletic/4396412/2023/04/12/nhl-advanced-stats-offensive-defensive-rating/,Dom Luszczyszyn,Y,News
Opportunity Analysis: How player and puck tracking data help us measure shot quality - Sportsnet.ca,Opportunity Analysis: How player and puck tracking data help us measure shot quality  Sportsnet.ca,"Mon, 10 Apr 2023 07:00:00 GMT","{'href': 'https://www.sportsnet.ca', 'title': 'Sportsnet.ca'}",hockey+analytics,https://www.sportsnet.ca/nhl/article/opportunity-analysis-how-player-and-puck-tracking-data-help-us-measure-shot-quality/,Justin Bourne,Y,Website
Using data to better understand hockey performance | Mathematics - University of Waterloo,Using data to better understand hockey performance | Mathematics  University of Waterloo,"Thu, 04 May 2023 07:00:00 GMT","{'href': 'https://uwaterloo.ca', 'title': 'University of Waterloo'}",hockey+analytics,https://uwaterloo.ca/math/news/using-data-better-understand-hockey-performance,University of Waterloo,N,Website
This Johns Hopkins student believes AI can bolster hockey analytics - The Washington Post,This Johns Hopkins student believes AI can bolster hockey analytics  The Washington Post,"Thu, 08 Jun 2023 07:00:00 GMT","{'href': 'https://www.washingtonpost.com', 'title': 'The Washington Post'}",hockey+analytics,https://www.washingtonpost.com/sports/2023/06/08/ai-hockey-analytics/,Roman Stubbs,Y,News
Rangers’ Hanes named Developer & Data Scientist with NHL’s Flames - Canadian Hockey League,Rangers’ Hanes named Developer & Data Scientist with NHL’s Flames  Canadian Hockey League,"Thu, 08 Jun 2023 07:00:00 GMT","{'href': 'https://chl.ca', 'title': 'Canadian Hockey League'}",hockey+analytics,https://chl.ca/ohl-rangers/hendrix-hanes/,Kitchener Rangers,N,Team/League Source
Trying to explain how NHL teams use analytics - shapshotshockey.com,Trying to explain how NHL teams use analytics  shapshotshockey.com,"Wed, 12 Jul 2023 07:00:00 GMT","{'href': 'https://www.shapshotshockey.com', 'title': 'shapshotshockey.com'}",hockey+analytics,https://www.shapshotshockey.com/p/trying-to-explain-how-nhl-teams-use,Sean Shapiro,Y,Website
Ten NHL players analytics were wrong about and the lessons learned - The New York Times,Ten NHL players analytics were wrong about and the lessons learned  The New York Times,"Mon, 31 Jul 2023 07:00:00 GMT","{'href': 'https://www.nytimes.com', 'title': 'The New York Times'}",hockey+analytics,https://www.nytimes.com/athletic/4714802/2023/07/27/nhl-player-data-analytics-lessons/,Harman Dayal,Y,News
A whole new way to determine Hall of Fame worthiness - Daily Faceoff,A whole new way to determine Hall of Fame worthiness  Daily Faceoff,"Tue, 01 Nov 2022 07:00:00 GMT","{'href': 'https://www.dailyfaceoff.com', 'title': 'Daily Faceoff'}",hockey+statistics,https://www.dailyfaceoff.com/news/a-whole-new-way-to-determine-hall-of-fame-worthiness,Frank Seravalli,Y,Website
"Lies, Damn Lies, and Faceoff Percentages - Arctic Ice Hockey","Lies, Damn Lies, and Faceoff Percentages  Arctic Ice Hockey","Sun, 13 Aug 2023 07:00:00 GMT","{'href': 'https://www.arcticicehockey.com', 'title': 'Arctic Ice Hockey'}",hockey+analytics,https://www.arcticicehockey.com/lies-damn-lies-and-faceoff-percentages-1551061695/,garrethohl,N,Website
Edmonton Oilers hire new director for analytics department - Sportsnet.ca,Edmonton Oilers hire new director for analytics department  Sportsnet.ca,"Thu, 21 Sep 2023 07:00:00 GMT","{'href': 'https://www.sportsnet.ca', 'title': 'Sportsnet.ca'}",hockey+analytics,https://www.sportsnet.ca/nhl/article/edmonton-oilers-hire-new-director-for-analytics-department/,Sportsnet Staff,N,Website
On the 'analytics revolution' and a positive thought for the sport of hockey - Sportsnet.ca,On the 'analytics revolution' and a positive thought for the sport of hockey  Sportsnet.ca,"Wed, 13 Sep 2023 07:00:00 GMT","{'href': 'https://www.sportsnet.ca', 'title': 'Sportsnet.ca'}",hockey+analytics,https://www.sportsnet.ca/nhl/article/on-the-analytics-revolution-and-a-positive-thought-for-the-sport-of-hockey/,Justin Bourne,Y,Website
Explaining the Corsi advanced stat and how to interpret it in hockey - Canucks Army,Explaining the Corsi advanced stat and how to interpret it in hockey  Canucks Army,"Tue, 05 Sep 2023 07:00:00 GMT","{'href': 'https://canucksarmy.com', 'title': 'Canucks Army'}",hockey+analytics,https://canucksarmy.com/news/explaining-corsi-advanced-stat-interpret-hockey,Michael Liu,Y,Blog
Unlocking the Future of Fantasy Hockey with NHL Equivalency and Player Tracking Technology - DobberHockey,Unlocking the Future of Fantasy Hockey with NHL Equivalency and Player Tracking Technology  DobberHockey,"Thu, 07 Sep 2023 07:00:00 GMT","{'href': 'https://dobberhockey.com', 'title': 'DobberHockey'}",hockey+analytics,https://dobberhockey.com/2023/09/07/unlocking-the-future-of-fantasy-hockey-with-nhl-equivalency-and-player-tracking-technology/,Stas Pupkov,Y,Website
"Edmonton Oilers take bigger, bolder step into the advanced analytics world with hire of Michael Parkatti - Edmonton Journal","Edmonton Oilers take bigger, bolder step into the advanced analytics world with hire of Michael Parkatti  Edmonton Journal","Thu, 21 Sep 2023 07:00:00 GMT","{'href': 'https://edmontonjournal.com', 'title': 'Edmonton Journal'}",hockey+analytics,https://edmontonjournal.com/sports/hockey/nhl/cult-of-hockey/edmonton-oilers-take-bigger-bolder-step-into-the-advanced-analytics-world-with-hire-of-michael-parkatti,Kurt Leavins,Y,News
How the NHL’s new stats and analytics hub will take fans inside the game - The Athletic - The New York Times,How the NHL’s new stats and analytics hub will take fans inside the game - The Athletic  The New York Times,"Mon, 23 Oct 2023 07:00:00 GMT","{'href': 'https://www.nytimes.com', 'title': 'The New York Times'}",hockey+analytics,https://www.nytimes.com/athletic/4983970/2023/10/23/nhl-edge-stat-tracking/,Michael Russo,Y,News
NHL EDGE advanced stats section brings fans closer to game - NHL.com,NHL EDGE advanced stats section brings fans closer to game  NHL.com,"Mon, 23 Oct 2023 07:00:00 GMT","{'href': 'https://www.nhl.com', 'title': 'NHL.com'}",hockey+analytics,https://www.nhl.com/news/nhl-edge-advanced-stats-section-brings-fans-closer-to-game,NHL Public Relations,N,Team/League Source
NHL brings advanced puck tracking stats to public - ESPN,NHL brings advanced puck tracking stats to public  ESPN,"Mon, 23 Oct 2023 07:00:00 GMT","{'href': 'https://www.espn.com', 'title': 'ESPN'}",hockey+analytics,https://www.espn.com/nhl/story/_/id/38724195/nhl-brings-advanced-puck-tracking-stats-public,Greg Wyshynski,Y,Website
The NHL’s new analytics site says the Capitals are very slow - RMNB,The NHL’s new analytics site says the Capitals are very slow  RMNB,"Mon, 23 Oct 2023 07:00:00 GMT","{'href': 'https://russianmachineneverbreaks.com', 'title': 'RMNB'}",hockey+analytics,https://russianmachineneverbreaks.com/2023/10/23/capitals-slow-ovechkin/,Peter Hassett,Y,Blog
NHL EDGE website provides Puck and Player Tracking data to fans - NHL.com,NHL EDGE website provides Puck and Player Tracking data to fans  NHL.com,"Mon, 23 Oct 2023 07:00:00 GMT","{'href': 'https://www.nhl.com', 'title': 'NHL.com'}",hockey+analytics,https://www.nhl.com/news/topic/nhl-edge/nhl-edge-launches-website-for-puck-and-player-tracking-data,Nicholas J. Cotsonika,Y,Team/League Source
"How the NHL can improve its brand new player, puck-tracking data - The Athletic - The New York Times","How the NHL can improve its brand new player, puck-tracking data - The Athletic  The New York Times","Wed, 25 Oct 2023 07:00:00 GMT","{'href': 'https://www.nytimes.com', 'title': 'The New York Times'}",hockey+analytics,https://www.nytimes.com/athletic/4990868/2023/10/25/nhl-new-player-puck-tracking-data/,Dom Luszczyszyn,Y,News
The NHL in 2023: What the data reveals about the ice hockey league's key strategic challenges - SportsPro,The NHL in 2023: What the data reveals about the ice hockey league's key strategic challenges  SportsPro,"Tue, 10 Oct 2023 07:00:00 GMT","{'href': 'https://www.sportspro.com', 'title': 'SportsPro'}",hockey+analytics,https://www.sportspro.com/broadcast-ott/media-rights/nhl-2023-season-tv-rights-revenue-data-popularity-ampere-analysis/,Danni Moore,Y,Website
"NHL's tracking data bringing fans closer to game, but context remains important - Sportsnet.ca","NHL's tracking data bringing fans closer to game, but context remains important  Sportsnet.ca","Wed, 25 Oct 2023 07:00:00 GMT","{'href': 'https://www.sportsnet.ca', 'title': 'Sportsnet.ca'}",hockey+analytics,https://www.sportsnet.ca/nhl/article/nhls-tracking-data-bringing-fans-closer-to-game-but-context-remains-important/,Eric Engels,Y,Website
Everything you need to know about NHL EDGE—the NHL’s new advanced stats platform - The Win Column,Everything you need to know about NHL EDGE—the NHL’s new advanced stats platform  The Win Column,"Tue, 24 Oct 2023 07:00:00 GMT","{'href': 'https://thewincolumn.ca', 'title': 'The Win Column'}",hockey+analytics,https://thewincolumn.ca/2023/10/24/everything-you-need-to-know-about-nhl-edge-the-nhls-new-advanced-stats-platform/,James Johnson,Y,Website
"Five interesting Blues stats from the NHL’s new player-, puck-tracking data - The New York Times","Five interesting Blues stats from the NHL’s new player-, puck-tracking data  The New York Times","Thu, 26 Oct 2023 07:00:00 GMT","{'href': 'https://www.nytimes.com', 'title': 'The New York Times'}",hockey+analytics,https://www.nytimes.com/athletic/4998560/2023/10/26/blues-stats-nhl-edge-tracking/,Jeremy Rutherford,Y,News
NHL Brings Fans Closer to the Game with Launch of NHL EDGE Advanced Stats Section on NHL.com - NHL Media,NHL Brings Fans Closer to the Game with Launch of NHL EDGE Advanced Stats Section on NHL.com  NHL Media,"Mon, 23 Oct 2023 07:00:00 GMT","{'href': 'https://media.nhl.com', 'title': 'NHL Media'}",hockey+analytics,https://media.nhl.com/public/news/17344,NHL Public Relations,N,Team/League Source
Sidney Crosby vs. Alex Ovechkin: Key stats you need to know in the heated debate between hockey superstars - sportingnews.com,Sidney Crosby vs. Alex Ovechkin: Key stats you need to know in the heated debate between hockey superstars  sportingnews.com,"Fri, 13 Oct 2023 07:00:00 GMT","{'href': 'https://www.sportingnews.com', 'title': 'sportingnews.com'}",hockey+analytics,https://www.sportingnews.com/uk/nhl/news/sidney-crosby-vs-alex-ovechkin-hockey-debate/raotqf9u7chcjj5vs0ojlyli,Bryan Murphy,Y,Website
FIH Hockey Data Hub: Unleashing the Power of Hockey Statistics - Fédération Internationale de Hockey,FIH Hockey Data Hub: Unleashing the Power of Hockey Statistics  Fédération Internationale de Hockey,"Thu, 09 Nov 2023 08:00:00 GMT","{'href': 'https://www.fih.hockey', 'title': 'Fédération Internationale de Hockey'}",hockey+analytics,https://www.fih.hockey/2022/news/fih-hockey-datahub-unleashing-the-power-of-hockey-statistics,IIHF,N,Website
"Analytics Advantage: Comparing Expected Goal Scoring with High-, Medium-, and Low-Danger Scoring - DobberHockey","Analytics Advantage: Comparing Expected Goal Scoring with High-, Medium-, and Low-Danger Scoring  DobberHockey","Thu, 09 Nov 2023 08:00:00 GMT","{'href': 'https://dobberhockey.com', 'title': 'DobberHockey'}",hockey+analytics,https://dobberhockey.com/2023/11/09/analytics-advantage-comparing-expected-goal-scoring-with-high-medium-and-low-danger-scoring/,Stas Pupkov,Y,Website
Breaking down NHL Edge data: How important is zone time and efficiency? - The New York Times,Breaking down NHL Edge data: How important is zone time and efficiency?  The New York Times,"Thu, 09 Nov 2023 08:00:00 GMT","{'href': 'https://www.nytimes.com', 'title': 'The New York Times'}",hockey+analytics,https://www.nytimes.com/athletic/5045174/2023/11/09/nhl-edge-data-zone-time-efficiency/,Dom Luszczyszyn,Y,News
Analytics Advantage: Expected Goals Against and Actual Goals Against for Goaltenders - DobberHockey,Analytics Advantage: Expected Goals Against and Actual Goals Against for Goaltenders  DobberHockey,"Thu, 30 Nov 2023 08:00:00 GMT","{'href': 'https://dobberhockey.com', 'title': 'DobberHockey'}",hockey+analytics,https://dobberhockey.com/2023/11/30/analytics-advantage-expected-goals-against-and-actual-goals-against-for-goaltenders/,Stas Pupkov,Y,Website
Jepson grad scores big in hockey analytics - UR Now,Jepson grad scores big in hockey analytics  UR Now,"Fri, 29 Dec 2023 08:00:00 GMT","{'href': 'https://urnow.richmond.edu', 'title': 'UR Now'}",hockey+analytics,https://urnow.richmond.edu/features/article/-/23941/jepson-grad-scores-big-in-hockey-analytics.html,University of Richmond,N,Website
Bystander or play-driver: Points scored when these players are on the ice - ESPN,Bystander or play-driver: Points scored when these players are on the ice  ESPN,"Tue, 19 Dec 2023 08:00:00 GMT","{'href': 'https://www.espn.com', 'title': 'ESPN'}",hockey+analytics,https://www.espn.com/fantasy/hockey/story/_/id/39147641/bystander-play-driver-fantasy-hockey-corsi-points-scored,Sean Allen,Y,Website
How analytics are helping Canadiens’ Nick Suzuki evaluate his game and not obsess over points - The New York Times,How analytics are helping Canadiens’ Nick Suzuki evaluate his game and not obsess over points  The New York Times,"Thu, 21 Dec 2023 08:00:00 GMT","{'href': 'https://www.nytimes.com', 'title': 'The New York Times'}",hockey+analytics,https://www.nytimes.com/athletic/5153449/2023/12/20/canadiens-nick-suzuki-analytics/,Arpon Basu,Y,News
Analytics Advantage: Impact of Defensemen and Quantifying Secondary Stats - DobberHockey,Analytics Advantage: Impact of Defensemen and Quantifying Secondary Stats  DobberHockey,"Thu, 28 Dec 2023 08:00:00 GMT","{'href': 'https://dobberhockey.com', 'title': 'DobberHockey'}",hockey+analytics,https://dobberhockey.com/2023/12/28/analytics-advantage-impact-of-defensemen-and-quantifying-secondary-stats/,Stas Pupkov,Y,Website
What would a 2023-24 Analytics All-Star team look like? - Daily Faceoff,What would a 2023-24 Analytics All-Star team look like?  Daily Faceoff,"Thu, 11 Jan 2024 08:00:00 GMT","{'href': 'https://www.dailyfaceoff.com', 'title': 'Daily Faceoff'}",hockey+analytics,https://www.dailyfaceoff.com/news/what-would-a-2023-24-analytics-all-star-team-look-like,Scott Maxwell,Y,Website
"Challenging ""the analytics"" & defending Detroit Red Wings star Moritz Seider - Octopus Thrower","Challenging ""the analytics"" & defending Detroit Red Wings star Moritz Seider  Octopus Thrower","Tue, 30 Jan 2024 08:00:00 GMT","{'href': 'https://octopusthrower.com', 'title': 'Octopus Thrower'}",hockey+analytics,https://octopusthrower.com/posts/challenging-analytics-defending-detroit-red-wings-moritz-seider-01hn4,Tyler Kotila,Y,Blog
The FYI on TOI: Shorter Shifts Win - NHL.com,The FYI on TOI: Shorter Shifts Win  NHL.com,"Wed, 10 Jan 2024 08:00:00 GMT","{'href': 'https://www.nhl.com', 'title': 'NHL.com'}",hockey+analytics,https://www.nhl.com/kraken/news/kraken-time-on-ice,Bob Condor,Y,Team/League Source
The Impact of Analytics on Modern Ice Hockey: How Data is Changing the Game - Wilkes-Barre/Scranton Penguins,The Impact of Analytics on Modern Ice Hockey: How Data is Changing the Game  Wilkes-Barre/Scranton Penguins,"Fri, 02 Feb 2024 08:00:00 GMT","{'href': 'https://www.wbspenguins.com', 'title': 'Wilkes-Barre/Scranton Penguins'}",hockey+analytics,https://www.wbspenguins.com/blog/the-impact-of-analytics-on-modern-ice-hockey-how-data-is-changing-the-game/,Wilkes-Barre Scranton Penguins,N,Team/League Source
"After 21 years behind a bench, Jim Hiller gets his big chance with the Kings. What is his path to success? - The Athletic - The New York Times","After 21 years behind a bench, Jim Hiller gets his big chance with the Kings. What is his path to success? - The Athletic  The New York Times","Sat, 10 Feb 2024 08:00:00 GMT","{'href': 'https://www.nytimes.com', 'title': 'The New York Times'}",hockey+analytics,https://www.nytimes.com/athletic/5263893/2024/02/10/la-kings-jim-hiller-coach/,Eric Stephens,Y,News
Bell curves and bias: how percentiles can strip away context in hockey stats - The Leafs Nation,Bell curves and bias: how percentiles can strip away context in hockey stats  The Leafs Nation,"Fri, 02 Feb 2024 08:00:00 GMT","{'href': 'https://theleafsnation.com', 'title': 'The Leafs Nation'}",hockey+analytics,https://theleafsnation.com/news/bell-curves-and-bias-how-percentiles-can-strip-away-context-in-hockey-stats,Jon Steitzer,Y,Blog
"Analytics Advantage: Shooting Percentage, Expected Goals, and Over/Underperformance - DobberHockey","Analytics Advantage: Shooting Percentage, Expected Goals, and Over/Underperformance  DobberHockey","Thu, 29 Feb 2024 08:00:00 GMT","{'href': 'https://dobberhockey.com', 'title': 'DobberHockey'}",hockey+analytics,https://dobberhockey.com/2024/02/29/analytics-advantage-shooting-percentage-expected-goals-and-over-underperformance/,Stas Pupkov,Y,Website
Analytics Perspective: Diving Into Quinton Byfield’s Breakout Season - MayorsManor.com - LA Kings News,Analytics Perspective: Diving Into Quinton Byfield’s Breakout Season  MayorsManor.com - LA Kings News,"Wed, 14 Feb 2024 08:00:00 GMT","{'href': 'https://mayorsmanor.com', 'title': 'MayorsManor.com - LA Kings News'}",hockey+analytics,https://mayorsmanor.com/2024/02/analytics-perspective-quinton-byfields-breakout-season/,Mayorsmanor Staff; Ted Wolfe; Drew Stahl,N,Website
"Why playing goal in the NHL has never been harder: Analytics, talent, chaos and equipment - The Athletic - The New York Times","Why playing goal in the NHL has never been harder: Analytics, talent, chaos and equipment - The Athletic  The New York Times","Tue, 13 Feb 2024 08:00:00 GMT","{'href': 'https://www.nytimes.com', 'title': 'The New York Times'}",hockey+analytics,https://www.nytimes.com/athletic/5183350/2024/02/13/nhl-goalies-stats-save-percentage/,Murat Ates; Fluto Shinzawa,Y,News
"Analytics Advantage: High-Danger Save Percentage, Goals Saved Above Average, and Top Goalie Performances - DobberHockey","Analytics Advantage: High-Danger Save Percentage, Goals Saved Above Average, and Top Goalie Performances  DobberHockey","Thu, 08 Feb 2024 08:00:00 GMT","{'href': 'https://dobberhockey.com', 'title': 'DobberHockey'}",hockey+analytics,https://dobberhockey.com/2024/02/08/analytics-advantage-high-danger-save-percentage-goals-saved-above-average-and-top-goalie-performances/,Stas Pupkov,Y,Website
Using analytics to determine the NHL’s five best brother combos - Daily Faceoff,Using analytics to determine the NHL’s five best brother combos  Daily Faceoff,"Wed, 21 Feb 2024 08:00:00 GMT","{'href': 'https://www.dailyfaceoff.com', 'title': 'Daily Faceoff'}",hockey+analytics,https://www.dailyfaceoff.com/news/using-analytics-to-determine-the-nhls-five-best-brother-combos,Scott Maxwell,Y,Website
'Open people's eyes': How the NHL's evolved in the decade of data - theScore,'Open people's eyes': How the NHL's evolved in the decade of data  theScore,"Thu, 14 Mar 2024 07:00:00 GMT","{'href': 'https://www.thescore.com', 'title': 'theScore'}",hockey+analytics,https://www.thescore.com/nhl/news/2848474/open-peoples-eyes-how-the-nh-ls-evolved-in-the-decade-of-data,John Matisz,Y,Website
‘Game-Changing’ Careers at the Intersection of Sports and Data · Babson Thought & Action - Babson College,‘Game-Changing’ Careers at the Intersection of Sports and Data · Babson Thought & Action  Babson College,"Mon, 18 Mar 2024 07:00:00 GMT","{'href': 'https://entrepreneurship.babson.edu', 'title': 'Babson College'}",hockey+analytics,https://entrepreneurship.babson.edu/alumni-data-sports/,Melissa Savignano; John Crawford; Bryan Lipiner; Hillary Chabot,Y,Website
Going top shelf with AI to better track hockey data - University of Waterloo,Going top shelf with AI to better track hockey data  University of Waterloo,"Mon, 11 Mar 2024 07:00:00 GMT","{'href': 'https://uwaterloo.ca', 'title': 'University of Waterloo'}",hockey+analytics,https://uwaterloo.ca/news/media/going-top-shelf-ai-better-track-hockey-data,University of Waterloo,N,Website
"Moritz Seider, The Model and how usage affects an NHL player’s on-ice numbers - The New York Times","Moritz Seider, The Model and how usage affects an NHL player’s on-ice numbers  The New York Times","Thu, 28 Mar 2024 07:00:00 GMT","{'href': 'https://www.nytimes.com', 'title': 'The New York Times'}",hockey+analytics,https://www.nytimes.com/athletic/5368378/2024/03/28/nhl-moritz-seider-usage-players-numbers/,Dom Luszczyszyn,Y,News
University of Waterloo using AI to analyze hockey decisions on the ice - CTV News,University of Waterloo using AI to analyze hockey decisions on the ice  CTV News,"Thu, 14 Mar 2024 07:00:00 GMT","{'href': 'https://www.ctvnews.ca', 'title': 'CTV News'}",hockey+analytics,https://www.ctvnews.ca/kitchener/article/university-of-waterloo-using-ai-to-analyze-hockey-decisions-on-the-ice/,Colton Wiens,Y,News
What Rangers' stats say about their potential in playoffs - ESPN,What Rangers' stats say about their potential in playoffs  ESPN,"Sat, 13 Apr 2024 07:00:00 GMT","{'href': 'https://www.espn.com', 'title': 'ESPN'}",hockey+analytics,https://www.espn.com/nhl/story/_/id/39902929/nhl-new-york-rangers-playoffs-2024-stanley-cup-analytics-data,Greg Wyshynski,Y,Website
NHL Taps U of G Prof to Turn Data Analysis into Winning Strategy - U of G News,NHL Taps U of G Prof to Turn Data Analysis into Winning Strategy  U of G News,"Tue, 16 Apr 2024 07:00:00 GMT","{'href': 'https://news.uoguelph.ca', 'title': 'U of G News'}",hockey+analytics,https://news.uoguelph.ca/2024/04/nhl-taps-u-of-g-sports-science-prof-to-turn-data-analysis-into-winning-strategy/,University of Guelph,N,Website
The AI Faceoff: Revolutionizing Hockey With Cutting-Edge Technology - Forbes,The AI Faceoff: Revolutionizing Hockey With Cutting-Edge Technology  Forbes,"Wed, 24 Apr 2024 07:00:00 GMT","{'href': 'https://www.forbes.com', 'title': 'Forbes'}",hockey+analytics,https://www.forbes.com/sites/neilsahota/2024/04/24/the-ai-faceoff-revolutionizing-hockey-with-cutting-edge-technology/,Neil Sahota,Y,News
Meet the PWHL’s Analytics Hires - The IX Sports,Meet the PWHL’s Analytics Hires  The IX Sports,"Sun, 05 May 2024 07:00:00 GMT","{'href': 'https://www.theixsports.com', 'title': 'The IX Sports'}",hockey+analytics,https://www.theixsports.com/the-ice-garden/pwhl/meet-the-pwhl-analytics-hires/,Carlie,N,Blog
NHL breaks the ice with cutting-edge live cloud production powered by AWS | Amazon Web Services - Amazon Web Services (AWS),NHL breaks the ice with cutting-edge live cloud production powered by AWS | Amazon Web Services  Amazon Web Services (AWS),"Wed, 08 May 2024 07:00:00 GMT","{'href': 'https://aws.amazon.com', 'title': 'Amazon Web Services (AWS)'}",hockey+analytics,https://aws.amazon.com/blogs/media/nhl-breaks-the-ice-with-cutting-edge-live-cloud-production-powered-by-aws/,Andrew Reich; Alex Murel; Alex Norrman; Luke Potter,Y,Blog
Shot quality vs. shot quantity & the changing landscape of ‘possession’ - Daily Faceoff,Shot quality vs. shot quantity & the changing landscape of ‘possession’  Daily Faceoff,"Mon, 27 May 2024 07:00:00 GMT","{'href': 'https://www.dailyfaceoff.com', 'title': 'Daily Faceoff'}",hockey+analytics,https://www.dailyfaceoff.com/news/shot-quality-vs-shot-quantity-the-changing-landscape-of-possession,Scott Maxwell,Y,Website
England Ice Hockey Partners with Hudl to Provide Instat Analysis for Showcase Draft - Hudl,England Ice Hockey Partners with Hudl to Provide Instat Analysis for Showcase Draft  Hudl,"Fri, 17 May 2024 07:00:00 GMT","{'href': 'https://www.hudl.com', 'title': 'Hudl'}",hockey+analytics,https://www.hudl.com/blog/england-ice-hockey-partners-with-hudl,HUDL,N,Website
How use of analytics is part of Colorado Avalanche’s secret sauce: “Numbers are unemotional” - The Denver Post,How use of analytics is part of Colorado Avalanche’s secret sauce: “Numbers are unemotional”  The Denver Post,"Sun, 05 May 2024 07:00:00 GMT","{'href': 'https://www.denverpost.com', 'title': 'The Denver Post'}",hockey+analytics,https://www.denverpost.com/2024/05/05/colorado-avalanche-analytics-success/,Corey Masisak,Y,News
Full of Firsts: How hockey analyst Alison Lukan inspires through data-driven storytelling - Daily Faceoff,Full of Firsts: How hockey analyst Alison Lukan inspires through data-driven storytelling  Daily Faceoff,"Tue, 07 May 2024 07:00:00 GMT","{'href': 'https://www.dailyfaceoff.com', 'title': 'Daily Faceoff'}",hockey+analytics,https://www.dailyfaceoff.com/news/full-of-firsts-how-hockey-analyst-alison-lukan-inspires-through-data-driven-storytelling,Silvia Leija Rosas,Y,Website
NHL providing data-driven broadcast of Western Conference Final - NHL.com,NHL providing data-driven broadcast of Western Conference Final  NHL.com,"Thu, 23 May 2024 07:00:00 GMT","{'href': 'https://www.nhl.com', 'title': 'NHL.com'}",hockey+analytics,https://www.nhl.com/news/nhl-datacast-broadcast-western-conference-final,Christopher Detwiler,Y,Team/League Source
Kevin De Bruyne and the rise of data and analytics in contract negotiations - The New York Times,Kevin De Bruyne and the rise of data and analytics in contract negotiations  The New York Times,"Tue, 21 May 2024 07:00:00 GMT","{'href': 'https://www.nytimes.com', 'title': 'The New York Times'}",hockey+analytics,https://www.nytimes.com/athletic/5166636/2024/01/03/football-contract-negotiation-data-analytics-transfers/,Gregg Evans,Y,News
Inside the Sabres' pre-Draft analytics process - NHL.com,Inside the Sabres' pre-Draft analytics process  NHL.com,"Fri, 21 Jun 2024 07:00:00 GMT","{'href': 'https://www.nhl.com', 'title': 'NHL.com'}",hockey+analytics,https://www.nhl.com/sabres/news/buffalo-sabres-analytics-team-nhl-draft-sam-ventura,Katelyn Kardaman,Y,Team/League Source
Data Analysis: Does fresh ice make it easier to score goals? - Sound Of Hockey,Data Analysis: Does fresh ice make it easier to score goals?  Sound Of Hockey,"Sun, 23 Jun 2024 07:00:00 GMT","{'href': 'https://soundofhockey.com', 'title': 'Sound Of Hockey'}",hockey+analytics,https://soundofhockey.com/2024/06/23/data-analysis-does-fresh-ice-make-it-easier-to-score-goals/,Blaiz Grubic,Y,Blog
Canucks' analytics guru Aiden Fox gets a small promotion - The Province,Canucks' analytics guru Aiden Fox gets a small promotion  The Province,"Fri, 07 Jun 2024 07:00:00 GMT","{'href': 'https://theprovince.com', 'title': 'The Province'}",hockey+analytics,https://theprovince.com/sports/hockey/nhl/vancouver-canucks/canucks-news-analytics-guru-aiden-fox-promotion,Patrick Johnston,Y,Website
"How NHL teams use data in free agency: An inexact science, the eye test and big money - The Athletic - The New York Times","How NHL teams use data in free agency: An inexact science, the eye test and big money - The Athletic  The New York Times","Thu, 27 Jun 2024 07:00:00 GMT","{'href': 'https://www.nytimes.com', 'title': 'The New York Times'}",hockey+analytics,https://www.nytimes.com/athletic/5581697/2024/06/27/nhl-free-agency-data/,Arthur Staple,Y,News
"Eric Tulsky, former Flyers blogger, named General Manager of the Carolina Hurricanes - Broad Street Buzz","Eric Tulsky, former Flyers blogger, named General Manager of the Carolina Hurricanes  Broad Street Buzz","Wed, 19 Jun 2024 07:00:00 GMT","{'href': 'https://broadstreetbuzz.com', 'title': 'Broad Street Buzz'}",hockey+analytics,https://broadstreetbuzz.com/posts/eric-tulsky-former-flyers-blogger-named-general-manager-of-the-carolina-hurricanes,Ariel Melendez,Y,Blog
Stars recognized for innovative use of analytics and Artificial Intelligence | Dallas Stars - NHL.com,Stars recognized for innovative use of analytics and Artificial Intelligence | Dallas Stars  NHL.com,"Sat, 13 Jul 2024 07:00:00 GMT","{'href': 'https://www.nhl.com', 'title': 'NHL.com'}",hockey+analytics,https://www.nhl.com/stars/news/dallas-stars-recognized-for-innovative-use-of-analytics-and-artificial-intelligence,Mike Heika,Y,Team/League Source
Data-Informed: How Ottawa Senators GM Steve Staios Used Analytics to Help Decide on New Head Coach Travis Green - The Hockey News,Data-Informed: How Ottawa Senators GM Steve Staios Used Analytics to Help Decide on New Head Coach Travis Green  The Hockey News,"Thu, 25 Jul 2024 07:00:00 GMT","{'href': 'https://thehockeynews.com', 'title': 'The Hockey News'}",hockey+analytics,https://thehockeynews.com/nhl/ottawa-senators/latest-news/data-informed-how-ottawa-senators-gm-steve-staios-used-analytics-to-help-decide-on-new-head-coach-travis-green,Steve Warne,Y,Website
Spicing up Ice Hockey with AI: Player Tracking with Computer Vision - Towards Data Science,Spicing up Ice Hockey with AI: Player Tracking with Computer Vision  Towards Data Science,"Tue, 09 Jul 2024 07:00:00 GMT","{'href': 'https://towardsdatascience.com', 'title': 'Towards Data Science'}","hockey+""data science""",https://towardsdatascience.com/spicing-up-ice-hockey-with-ai-player-tracking-with-computer-vision-ce9ceec9122a/,Raul Vizcarra Chirinos,Y,Website
Why Plus/Minus is the Worst Statistic in Hockey - Arctic Ice Hockey,Why Plus/Minus is the Worst Statistic in Hockey  Arctic Ice Hockey,"Sun, 13 Aug 2023 07:00:00 GMT","{'href': 'https://www.arcticicehockey.com', 'title': 'Arctic Ice Hockey'}",hockey+statistics,https://www.arcticicehockey.com/why-plus-minus-is-the-worst-statistic-in-hockey-1551247086/,Daniel Lipson,Y,Website
Explaining PDO and why it matters in hockey - Canucks Army,Explaining PDO and why it matters in hockey  Canucks Army,"Mon, 04 Sep 2023 07:00:00 GMT","{'href': 'https://canucksarmy.com', 'title': 'Canucks Army'}",hockey+statistics,https://canucksarmy.com/news/pdo-stats-hockey-vancouver-canucks-kuzmenko,Michael Liu,Y,Blog
Breaking down NHL Edge data: How important is shot speed and location? - The Athletic - The New York Times,Breaking down NHL Edge data: How important is shot speed and location? - The Athletic  The New York Times,"Wed, 08 Nov 2023 08:00:00 GMT","{'href': 'https://www.nytimes.com', 'title': 'The New York Times'}",hockey+statistics,https://www.nytimes.com/athletic/5037332/2023/11/08/nhl-edge-data-shot-speed-location/,Dom Luszczyszyn,Y,News
Do shootout goals count as goals in NHL? Exploring whether it adds to personal stats like any other goal - Sportskeeda,Do shootout goals count as goals in NHL? Exploring whether it adds to personal stats like any other goal  Sportskeeda,"Sat, 16 Dec 2023 08:00:00 GMT","{'href': 'https://www.sportskeeda.com', 'title': 'Sportskeeda'}",hockey+statistics,https://www.sportskeeda.com/us/nhl/do-shootout-goals-count-goals-nhl-exploring-whether-adds-personal-stats-like-goal,Arnab Mondal,Y,Website
Hit update: The NHL's hits adjustment and the players who benefit - ESPN,Hit update: The NHL's hits adjustment and the players who benefit  ESPN,"Tue, 13 Feb 2024 08:00:00 GMT","{'href': 'https://www.espn.com', 'title': 'ESPN'}",hockey+statistics,https://www.espn.com/fantasy/hockey/story/_/id/39519168/fantasy-hockey-nhl-hits-audit-category-specialists-eeli-tolvanen-jeremy-lauzon,Sean Allen,Y,Website
"Behind the NHL’s massive hits audit, and what it means for players, bettors and fantasy leagues - The New York Times","Behind the NHL’s massive hits audit, and what it means for players, bettors and fantasy leagues  The New York Times","Wed, 07 Feb 2024 08:00:00 GMT","{'href': 'https://www.nytimes.com', 'title': 'The New York Times'}",hockey+statistics,https://www.nytimes.com/athletic/5257606/2024/02/07/nhl-hits-audit-fantasy-betting/,Michael Russo,Y,News
FIH Hockey Nations Cup 2022/23: A statistical rewind - Fédération Internationale de Hockey,FIH Hockey Nations Cup 2022/23: A statistical rewind  Fédération Internationale de Hockey,"Wed, 15 May 2024 07:00:00 GMT","{'href': 'https://www.fih.hockey', 'title': 'Fédération Internationale de Hockey'}",hockey+statistics,https://www.fih.hockey/fih-hockey-womens-nations-cup-spain-/news/fih-hockey-nations-cup-202223-a-statistical-rewind,International Hockey Federation,N,Website
Jacob Markstrom's Statistical Rankings Amongst Active NHL Netminders - The Hockey News,Jacob Markstrom's Statistical Rankings Amongst Active NHL Netminders  The Hockey News,"Wed, 19 Jun 2024 07:00:00 GMT","{'href': 'https://thehockeynews.com', 'title': 'The Hockey News'}",hockey+statistics,https://thehockeynews.com/nhl/new-jersey-devils/latest-news/jacob-markstroms-statistical-rankings-amongst-active-nhl-netminders,Ryan Gagne,Y,Website
RED+ is the ÖEHV’s new live streaming and statistics partner - Ringier,RED+ is the ÖEHV’s new live streaming and statistics partner  Ringier,"Fri, 21 Jun 2024 07:00:00 GMT","{'href': 'https://www.ringier.com', 'title': 'Ringier'}",hockey+statistics,https://www.ringier.com/red-is-the-oehvs-new-live-streaming-and-statistics-partner/,Aline Theiler,Y,Website
What is a point in hockey as a team statistic? - Sabre Noise,What is a point in hockey as a team statistic?  Sabre Noise,"Fri, 19 Jul 2024 07:00:00 GMT","{'href': 'https://sabrenoise.com', 'title': 'Sabre Noise'}",hockey+statistics,https://sabrenoise.com/posts/what-point-in-hockey-team-statistic-01j366y1zhjm,Todd Matthews,Y,Blog
Using analytics to maximize your fantasy hockey league’s scoring system - Daily Faceoff,Using analytics to maximize your fantasy hockey league’s scoring system  Daily Faceoff,"Thu, 08 Aug 2024 07:00:00 GMT","{'href': 'https://www.dailyfaceoff.com', 'title': 'Daily Faceoff'}",hockey+analytics,https://www.dailyfaceoff.com/news/using-analytics-to-maximize-your-fantasy-hockey-leagues-scoring-system,Scott Maxwell,Y,Website
Hurricanes hire Tyler Dellow as assistant general manager - Sportsnet.ca,Hurricanes hire Tyler Dellow as assistant general manager  Sportsnet.ca,"Fri, 16 Aug 2024 07:00:00 GMT","{'href': 'https://www.sportsnet.ca', 'title': 'Sportsnet.ca'}",hockey+analytics,https://www.sportsnet.ca/nhl/article/hurricanes-hire-tyler-dellow-as-assistant-general-manager/,Sportsnet Staff,N,Website
The Future of Hockey: How Technology and Analytics Impact the Game - MayorsManor.com - LA Kings News,The Future of Hockey: How Technology and Analytics Impact the Game  MayorsManor.com - LA Kings News,"Wed, 16 Oct 2024 07:00:00 GMT","{'href': 'https://mayorsmanor.com', 'title': 'MayorsManor.com - LA Kings News'}",hockey+analytics,https://mayorsmanor.com/2024/10/the-future-of-hockey-how-technology-and-analytics-impact-the-game/,Dan Adkisson,Y,Website
"Bruins show multiple red flags, per private NHL analytics data - The New York Times","Bruins show multiple red flags, per private NHL analytics data  The New York Times","Thu, 24 Oct 2024 07:00:00 GMT","{'href': 'https://www.nytimes.com', 'title': 'The New York Times'}",hockey+analytics,https://www.nytimes.com/athletic/5867941/2024/10/24/bruins-clear-sight-analytics/,Fluto Shinzawa,Y,News
Canucks well-placed for success in 2024-25 according to analytics site - The Canuck Way,Canucks well-placed for success in 2024-25 according to analytics site  The Canuck Way,"Fri, 04 Oct 2024 07:00:00 GMT","{'href': 'https://thecanuckway.com', 'title': 'The Canuck Way'}",hockey+analytics,https://thecanuckway.com/posts/canucks-well-placed-success-2024-25-according-to-analytics-site,Paul Taylor,Y,Blog
Inside Scott Arniel’s analytics summit and his aim to elevate unbeaten Winnipeg Jets - The Athletic - The New York Times,Inside Scott Arniel’s analytics summit and his aim to elevate unbeaten Winnipeg Jets - The Athletic  The New York Times,"Thu, 24 Oct 2024 07:00:00 GMT","{'href': 'https://www.nytimes.com', 'title': 'The New York Times'}",hockey+analytics,https://www.nytimes.com/athletic/5863928/2024/10/24/scott-arniel-winnipeg-jets/,Murat Ates,Y,News
Penguins Hockey Research and Development Department Launches Fellowship and Internship Program - NHL.com,Penguins Hockey Research and Development Department Launches Fellowship and Internship Program  NHL.com,"Mon, 21 Oct 2024 07:00:00 GMT","{'href': 'https://www.nhl.com', 'title': 'NHL.com'}",hockey+analytics,https://www.nhl.com/penguins/news/penguins-hockey-research-and-development-department-launches-fellowship-and-internship-program,Pittsburgh Penguins,N,Team/League Source
Your Ultimate Guide to Understanding Hockey Analytics (sponsored post) - Hudson Valley One,Your Ultimate Guide to Understanding Hockey Analytics (sponsored post)  Hudson Valley One,"Sun, 08 Dec 2024 12:30:41 GMT","{'href': 'https://hudsonvalleyone.com', 'title': 'Hudson Valley One'}",hockey+analytics,https://hudsonvalleyone.com/your-ultimate-guide-to-understanding-hockey-analytics-sponsored-post/,Hudson Valley One Staff,N,Website
"SEG Media Teams Up with the NHL to Present The Lab, a Data-Driven Alternative Livestream Broadcast - NHL.com","SEG Media Teams Up with the NHL to Present The Lab, a Data-Driven Alternative Livestream Broadcast  NHL.com","Wed, 18 Dec 2024 08:00:00 GMT","{'href': 'https://www.nhl.com', 'title': 'NHL.com'}",hockey+analytics,https://www.nhl.com/utah/news/seg-media-teams-up-with-the-nhl-to-present-the-lab-a-data-driven-alternative-livestream-broadcast,Utah Mammoth,N,Team/League Source
"Analytics proving valuable tool for coaches to identify what's working, needs improvement - NHL.com","Analytics proving valuable tool for coaches to identify what's working, needs improvement  NHL.com","Mon, 06 Jan 2025 08:00:00 GMT","{'href': 'https://www.nhl.com', 'title': 'NHL.com'}",hockey+analytics,https://www.nhl.com/news/coaches-room-craig-johnson-analytics-proving-valuable-tool-to-nhl-teams,Craig Johnson,Y,Team/League Source
OHL Partners with Drive Hockey Analytics to Introduce Smart Arena Technology to Inaugural Connor McDavid OHL Top Prospects Game – Ontario Hockey League - Canadian Hockey League,OHL Partners with Drive Hockey Analytics to Introduce Smart Arena Technology to Inaugural Connor McDavid OHL Top Prospects Game – Ontario Hockey League  Canadian Hockey League,"Wed, 15 Jan 2025 08:00:00 GMT","{'href': 'https://chl.ca', 'title': 'Canadian Hockey League'}",hockey+analytics,https://chl.ca/ohl/article/ohl-partners-with-drive-hockey-analytics-to-introduce-smart-arena-technology-to-inaugural-connor-mcdavid-ohl-top-prospects-game/,OHL,N,Team/League Source
How Analytics Shaped the Strategies of NHL Championship-Winning Teams - Pro Hockey News,How Analytics Shaped the Strategies of NHL Championship-Winning Teams  Pro Hockey News,"Thu, 02 Jan 2025 08:00:00 GMT","{'href': 'https://prohockeynews.com', 'title': 'Pro Hockey News'}",hockey+analytics,https://prohockeynews.com/how-analytics-shaped-the-strategies-of-nhl-championship-winning-teams/,Pro Hockey News Staff,N,Website
Dubas’s Numbers vs. Reality; A Lot Riding on Next Decisions - Pittsburgh Hockey Now,Dubas’s Numbers vs. Reality; A Lot Riding on Next Decisions  Pittsburgh Hockey Now,"Sun, 26 Jan 2025 08:00:00 GMT","{'href': 'https://pittsburghhockeynow.com', 'title': 'Pittsburgh Hockey Now'}",hockey+analytics,https://pittsburghhockeynow.com/kyle-dubass-pittsburgh-penguins-paper-vs-reality-lot-riding-next-decisions/,Dan Kingerski,Y,Website
The Intangible Game: Beyond Stats in Hockey - thesickpodcast.com,The Intangible Game: Beyond Stats in Hockey  thesickpodcast.com,"Fri, 03 Jan 2025 08:00:00 GMT","{'href': 'https://thesickpodcast.com', 'title': 'thesickpodcast.com'}",hockey+analytics,https://thesickpodcast.com/the-intangible-game-beyond-stats-in-hockey/,Jd Lagrange; James Murphy; Nick Lariviere,Y,Blog
New statistics emerge to re-evaluate hockey’s defencemen - The Globe and Mail,New statistics emerge to re-evaluate hockey’s defencemen  The Globe and Mail,"Mon, 06 Jan 2025 08:00:00 GMT","{'href': 'https://www.theglobeandmail.com', 'title': 'The Globe and Mail'}",hockey+analytics,https://www.theglobeandmail.com/life/article-new-statistics-emerge-to-re-evaluate-hockeys-defencemen/,Jared Lindzon,Y,News
The Evolution of NHL Analytics and Its Impact on Modern Hockey - The Win Column,The Evolution of NHL Analytics and Its Impact on Modern Hockey  The Win Column,"Mon, 20 Jan 2025 08:00:00 GMT","{'href': 'https://thewincolumn.ca', 'title': 'The Win Column'}",hockey+analytics,https://thewincolumn.ca/2025/01/20/the-evolution-of-nhl-analytics-and-its-impact-on-modern-hockey/,Luke Turner,Y,Website
4 Nations Face-Off: Revolutionizing hockey analytics with AWS | Amazon Web Services - Amazon Web Services (AWS),4 Nations Face-Off: Revolutionizing hockey analytics with AWS | Amazon Web Services  Amazon Web Services (AWS),"Tue, 11 Feb 2025 08:00:00 GMT","{'href': 'https://aws.amazon.com', 'title': 'Amazon Web Services (AWS)'}",hockey+analytics,https://aws.amazon.com/blogs/media/nhl-4-nations-face-off-revolutionizing-hockey-analytics-with-aws/,Lisa Epstein,Y,Website
Islanders Goaltender Ilya Sorokin & The Analytics Debate - The Hockey News,Islanders Goaltender Ilya Sorokin & The Analytics Debate  The Hockey News,"Fri, 07 Feb 2025 08:00:00 GMT","{'href': 'https://thehockeynews.com', 'title': 'The Hockey News'}",hockey+analytics,https://thehockeynews.com/nhl/new-york-islanders/latest-news/ilya-sorokin-new-york-islanders-private-public-data-money-puck-natural-stat-trick,Michael Ostrower,Y,Website
Stimulating hockey performance with Canadian sports data science - BNN Bloomberg,Stimulating hockey performance with Canadian sports data science  BNN Bloomberg,"Fri, 14 Feb 2025 08:00:00 GMT","{'href': 'https://www.bnnbloomberg.ca', 'title': 'BNN Bloomberg'}",hockey+analytics,https://www.bnnbloomberg.ca/business-of-sports/2025/02/14/stimulating-hockey-performance-with-canadian-sports-data-science/,Aleksa Cosovic,Y,News
From stats to slapshots: Blue Jackets announce hockey analytics conference - NHL.com,From stats to slapshots: Blue Jackets announce hockey analytics conference  NHL.com,"Fri, 28 Mar 2025 07:00:00 GMT","{'href': 'https://www.nhl.com', 'title': 'NHL.com'}",hockey+analytics,https://www.nhl.com/bluejackets/news/blue-jackets-hockey-analytics-conference-2025,Blue Jackets Staff,N,Team/League Source
How I Turned Millions of Hockey Data Points Into a Multi-Million Dollar Business - Canadian Business,How I Turned Millions of Hockey Data Points Into a Multi-Million Dollar Business  Canadian Business,"Thu, 13 Mar 2025 07:00:00 GMT","{'href': 'https://canadianbusiness.com', 'title': 'Canadian Business'}",hockey+analytics,https://canadianbusiness.com/people/meghan-chayka-stathletes/,Meghan Chayka,Y,Website
Opinion: Analytics used to disqualify Makar are easily explained - Mile High Hockey,Opinion: Analytics used to disqualify Makar are easily explained  Mile High Hockey,"Mon, 24 Mar 2025 07:00:00 GMT","{'href': 'https://www.milehighhockey.com', 'title': 'Mile High Hockey'}",hockey+analytics,https://www.milehighhockey.com/2025/3/24/24392813/opinion-analytics-used-to-disqualify-makar-are-easily-explained,Adrian Hernandez,Y,Blog
"Coaches, players differ on how Nashville Predators can use analytics to improve - The Tennessean","Coaches, players differ on how Nashville Predators can use analytics to improve  The Tennessean","Wed, 05 Mar 2025 08:00:00 GMT","{'href': 'https://www.tennessean.com', 'title': 'The Tennessean'}",hockey+analytics,https://www.tennessean.com/story/sports/nhl/predators/2025/03/05/nashville-predators-analytics-data-andrew-brunette-steven-stamkos/78603295007/,Alex Daugherty,Y,News
Hudl Expands Its Professional Suite of Basketball and Ice Hockey Analysis Tools with FastModel - Hudl,Hudl Expands Its Professional Suite of Basketball and Ice Hockey Analysis Tools with FastModel  Hudl,"Tue, 11 Mar 2025 07:00:00 GMT","{'href': 'https://www.hudl.com', 'title': 'Hudl'}",hockey+analytics,https://www.hudl.com/blog/hudl-fastmodel,HUDL,N,Website
Edmonton Oilers' Knoblauch speaks on importance of analytics in coaching - Daily Hive,Edmonton Oilers' Knoblauch speaks on importance of analytics in coaching  Daily Hive,"Thu, 20 Mar 2025 07:00:00 GMT","{'href': 'https://dailyhive.com', 'title': 'Daily Hive'}",hockey+analytics,https://dailyhive.com/edmonton/oilers-knoblauch-importance-analytics-coaching,Preston Hodgkinson,Y,Website
A Winning Collaboration: How an Internship Program is Connecting Top Data Science Students to UConn Sports Teams - UConn Today,A Winning Collaboration: How an Internship Program is Connecting Top Data Science Students to UConn Sports Teams  UConn Today,"Tue, 08 Apr 2025 07:00:00 GMT","{'href': 'https://today.uconn.edu', 'title': 'UConn Today'}",hockey+analytics,https://today.uconn.edu/2025/04/a-winning-collaboration-how-an-internship-program-is-connecting-top-data-science-students-to-uconn-sports-teams/,University of Connecticut,N,Website
"NHL outsider Eric Tulsky, an Ivy League scientist, is changing what it means to be a GM - The Athletic - The New York Times","NHL outsider Eric Tulsky, an Ivy League scientist, is changing what it means to be a GM - The Athletic  The New York Times","Mon, 21 Apr 2025 07:00:00 GMT","{'href': 'https://www.nytimes.com', 'title': 'The New York Times'}",hockey+analytics,https://www.nytimes.com/athletic/6286244/2025/04/20/carolina-hurricanes-gm-eric-tulsky-nhl-playoffs/,James Mirtle,Y,News
The Evolution of NHL Analytics and Its Impact on Modern Hockey - The Times of India,The Evolution of NHL Analytics and Its Impact on Modern Hockey  The Times of India,"Thu, 03 Apr 2025 07:00:00 GMT","{'href': 'https://timesofindia.indiatimes.com', 'title': 'The Times of India'}",hockey+analytics,https://timesofindia.indiatimes.com/sports/nhl/news/the-evolution-of-nhl-analytics-and-its-impact-on-modern-hockey/articleshow/119797215.cms,TOI Sports Desk,N,News
Analytics making the case for Quinton Byfield to be considered among NHL best - Rink Royalty,Analytics making the case for Quinton Byfield to be considered among NHL best  Rink Royalty,"Thu, 10 Apr 2025 07:00:00 GMT","{'href': 'https://rinkroyalty.com', 'title': 'Rink Royalty'}",hockey+analytics,https://rinkroyalty.com/analytics-making-case-for-quinton-byfield-to-be-considered-among-nhl-best-01jrg32dvc56,Brandon Croce,Y,Website
Why analytics darling Taylor Hall has found a perfect home with the Hurricanes - The New York Times,Why analytics darling Taylor Hall has found a perfect home with the Hurricanes  The New York Times,"Mon, 05 May 2025 07:00:00 GMT","{'href': 'https://www.nytimes.com', 'title': 'The New York Times'}",hockey+analytics,https://www.nytimes.com/athletic/6333685/2025/05/05/taylor-hall-carolina-hurricanes-analytics/,James Mirtle,Y,News
How the Canucks' analytics department stacks up against Stanley Cup contenders - The Province,How the Canucks' analytics department stacks up against Stanley Cup contenders  The Province,"Tue, 27 May 2025 07:00:00 GMT","{'href': 'https://theprovince.com', 'title': 'The Province'}",hockey+analytics,https://theprovince.com/sports/hockey/nhl/vancouver-canucks/how-the-canucks-analytics-department-stacks-up-against-stanley-cup-contenders,Patrick Johnston,Y,Website
"Strome resident 'hockey nerd,' playmaker for Capitals ahead of 2nd round against Hurricanes - NHL.com","Strome resident 'hockey nerd,' playmaker for Capitals ahead of 2nd round against Hurricanes  NHL.com","Sun, 04 May 2025 07:00:00 GMT","{'href': 'https://www.nhl.com', 'title': 'NHL.com'}",hockey+analytics,https://www.nhl.com/news/hockey-nerd-dylan-strome-thriving-for-washington-capitals-in-playoffs,Tom Gulitti,Y,Team/League Source
The Evolution of Analytics in the NHL: Case Study: Toronto Maple Leafs - burlingtongazette.ca,The Evolution of Analytics in the NHL: Case Study: Toronto Maple Leafs  burlingtongazette.ca,"Wed, 21 May 2025 07:00:00 GMT","{'href': 'https://burlingtongazette.ca', 'title': 'burlingtongazette.ca'}",hockey+analytics,https://burlingtongazette.ca/the-evolution-of-analytics-in-the-nhl-case-study-toronto-maple-leafs/,Alexander Blanchet,Y,News
Sharks Exploring Use of AI Coaching for Specific On-Ice Sequences - Sharks Hockey Digest,Sharks Exploring Use of AI Coaching for Specific On-Ice Sequences  Sharks Hockey Digest,"Mon, 23 Jun 2025 07:00:00 GMT","{'href': 'https://sharkshockeydigest.com', 'title': 'Sharks Hockey Digest'}",hockey+analytics,https://sharkshockeydigest.com/san-jose-sharks-ai-coaching-becher-warsofsky-hockey-analytics/,Max Miller,Y,Blog
Florida Panthers’ Consistency Brings Analytics Conversation to Light - The Hockey Writers,Florida Panthers’ Consistency Brings Analytics Conversation to Light  The Hockey Writers,"Thu, 05 Jun 2025 07:00:00 GMT","{'href': 'https://thehockeywriters.com', 'title': 'The Hockey Writers'}",hockey+analytics,https://thehockeywriters.com/florida-panthers-consistency-brings-analytics-conversation-to-light/,Daniel Amoia,Y,Website
OMHA Renews Partnership with Hudl as Exclusive Video & Analytics Partner - Ontario Minor Hockey Association,OMHA Renews Partnership with Hudl as Exclusive Video & Analytics Partner  Ontario Minor Hockey Association,"Wed, 11 Jun 2025 07:00:00 GMT","{'href': 'https://www.omha.net', 'title': 'Ontario Minor Hockey Association'}",hockey+analytics,https://www.omha.net/news_article/show/1340943,Ontario Minor Hockey Association,N,Website
Advanced Hockey Stats for Bettors: Corsi vs Fenwick & Beyond - Sports Betting Dime,Advanced Hockey Stats for Bettors: Corsi vs Fenwick & Beyond  Sports Betting Dime,"Mon, 02 Jun 2025 07:00:00 GMT","{'href': 'https://www.sportsbettingdime.com', 'title': 'Sports Betting Dime'}",hockey+analytics,https://www.sportsbettingdime.com/guides/how-to/advanced-hockey-stats/,Patrick Cwiklinski,Y,Website
Sunny Mehta’s Analytics powers Florida Panthers to retain Stanley Cup - The Indian EYE,Sunny Mehta’s Analytics powers Florida Panthers to retain Stanley Cup  The Indian EYE,"Fri, 20 Jun 2025 07:00:00 GMT","{'href': 'https://theindianeye.com', 'title': 'The Indian EYE'}",hockey+analytics,https://theindianeye.com/2025/06/20/sunny-mehtas-analytics-powers-florida-panthers-to-retain-stanley-cup/,The Indian Eye,N,Website
"Analytics Advantage: Changes to NHL Draft Trends Including Player Size, Production by Overall Pick, and More - DobberHockey","Analytics Advantage: Changes to NHL Draft Trends Including Player Size, Production by Overall Pick, and More  DobberHockey","Thu, 26 Jun 2025 07:00:00 GMT","{'href': 'https://dobberhockey.com', 'title': 'DobberHockey'}",hockey+analytics,https://dobberhockey.com/2025/06/26/analytics-advantage-changes-to-nhl-draft-trends-including-player-size-production-by-overall-pick-and-more/,Stas Pupkov,Y,Website
Drive Hockey Analytics at Player Development Combine - USHL,Drive Hockey Analytics at Player Development Combine  USHL,"Wed, 16 Jul 2025 07:00:00 GMT","{'href': 'https://ushl.com', 'title': 'USHL'}",hockey+analytics,https://ushl.com/news/2025/7/15/mens-ice-hockey-league-partners-with-drive-hockey-analytics-for-combine.aspx,USHL,N,Website
5 Fascinating Statistics About the Canadiens and Maple Leafs Rivalry - Yahoo Sports,5 Fascinating Statistics About the Canadiens and Maple Leafs Rivalry  Yahoo Sports,"Thu, 26 Sep 2024 07:00:00 GMT","{'href': 'https://sports.yahoo.com', 'title': 'Yahoo Sports'}",hockey+statistics,https://sports.yahoo.com/5-fascinating-statistics-canadiens-maple-200000193.html,Ryan Gagne,Y,Website
NHL Giveaway & Takeaway Stats Shouldn’t Be Trusted - The Hockey Writers,NHL Giveaway & Takeaway Stats Shouldn’t Be Trusted  The Hockey Writers,"Sun, 08 Sep 2024 07:00:00 GMT","{'href': 'https://thehockeywriters.com', 'title': 'The Hockey Writers'}",hockey+statistics,https://thehockeywriters.com/nhl-giveaway-takeaway-stats-untrustworthy/,Daniel Amoia,Y,Website
Eight early-season NHL stats that actually mean something - Daily Faceoff,Eight early-season NHL stats that actually mean something  Daily Faceoff,"Tue, 22 Oct 2024 07:00:00 GMT","{'href': 'https://www.dailyfaceoff.com', 'title': 'Daily Faceoff'}",hockey+statistics,https://www.dailyfaceoff.com/news/eight-early-season-nhl-stats-that-actually-mean-something,Matt Larkin,Y,Website
"NHL partners with VAST Data to accelerate, streamline media production - NHL.com","NHL partners with VAST Data to accelerate, streamline media production  NHL.com","Thu, 14 Nov 2024 08:00:00 GMT","{'href': 'https://www.nhl.com', 'title': 'NHL.com'}",hockey+statistics,https://www.nhl.com/news/nhl-vast-data-partner-to-streamline-media-production,NHL Public Relations,N,Team/League Source
Inside The Numbers: Penguins Continue To Have NHL's Worst Goalie Statistics - The Hockey News,Inside The Numbers: Penguins Continue To Have NHL's Worst Goalie Statistics  The Hockey News,"Thu, 12 Dec 2024 08:00:00 GMT","{'href': 'https://thehockeynews.com', 'title': 'The Hockey News'}",hockey+statistics,https://thehockeynews.com/nhl/pittsburgh-penguins/rp2Eyi70igxaOzl3I1bT,Ryan Gagne,Y,Website
Is there really a home-ice advantage in the NHL? - Sound Of Hockey,Is there really a home-ice advantage in the NHL?  Sound Of Hockey,"Sun, 02 Feb 2025 08:00:00 GMT","{'href': 'https://soundofhockey.com', 'title': 'Sound Of Hockey'}",hockey+statistics,https://soundofhockey.com/2025/02/02/is-there-really-a-home-ice-advantage-in-the-nhl/,Blaiz Grubic,Y,Blog
Outaouais hockey league seeks culprit behind sneaky stats tampering - CBC,Outaouais hockey league seeks culprit behind sneaky stats tampering  CBC,"Thu, 20 Feb 2025 08:00:00 GMT","{'href': 'https://www.cbc.ca', 'title': 'CBC'}",hockey+statistics,https://www.cbc.ca/news/canada/ottawa/outaouais-hockey-results-1.6144732,CBC News,N,News
Top eight statistical storylines to watch on the NHL’s stretch drive - Daily Faceoff,Top eight statistical storylines to watch on the NHL’s stretch drive  Daily Faceoff,"Wed, 12 Mar 2025 07:00:00 GMT","{'href': 'https://www.dailyfaceoff.com', 'title': 'Daily Faceoff'}",hockey+statistics,https://www.dailyfaceoff.com/news/top-8-statistical-chase-nhl-stretch-drive-ovechkin-crosby-hellebuyck-makar,Paul Pidutti,Y,Website
A data-driven look at the 2025 NHL Draft top prospects - Sound Of Hockey,A data-driven look at the 2025 NHL Draft top prospects  Sound Of Hockey,"Mon, 12 May 2025 07:00:00 GMT","{'href': 'https://soundofhockey.com', 'title': 'Sound Of Hockey'}",hockey+statistics,https://soundofhockey.com/2025/05/12/a-data-driven-look-at-the-2025-nhl-draft-top-prospects/,Curtis Isacke,Y,Blog
Which Statistic is the Best Predictor of Success in the NHL Playoffs? - Oilers Nation,Which Statistic is the Best Predictor of Success in the NHL Playoffs?  Oilers Nation,"Tue, 29 Jul 2025 07:00:00 GMT","{'href': 'https://oilersnation.com', 'title': 'Oilers Nation'}",hockey+statistics,https://oilersnation.com/news/statistic-best-predictor-success-nhl-playoffs,Jason Gregor,Y,Blog
How Oddsmakers Use NHL Stats to Decide the Betting Odds - MayorsManor.com - LA Kings News,How Oddsmakers Use NHL Stats to Decide the Betting Odds  MayorsManor.com - LA Kings News,"Tue, 12 Aug 2025 07:00:00 GMT","{'href': 'https://mayorsmanor.com', 'title': 'MayorsManor.com - LA Kings News'}",hockey+analytics,https://mayorsmanor.com/2025/08/how-oddsmakers-use-nhl-stats-to-decide-the-betting-odds/,Dan Adkisson,Y,Website
Drive Hockey Analytics Secures Additional $240K in Grants to Accelerate Innovation and IP Portfolio - TMX Newsfile,Drive Hockey Analytics Secures Additional $240K in Grants to Accelerate Innovation and IP Portfolio  TMX Newsfile,"Fri, 05 Sep 2025 07:00:00 GMT","{'href': 'https://www.newsfilecorp.com', 'title': 'TMX Newsfile'}",hockey+analytics,https://www.newsfilecorp.com/release/263869/Drive-Hockey-Analytics-Secures-Additional-240K-in-Grants-to-Accelerate-Innovation-and-IP-Portfolio,Drive Hockey Analytics,N,News
Were the Edmonton Oilers’ summer moves supported by analytics? - The New York Times,Were the Edmonton Oilers’ summer moves supported by analytics?  The New York Times,"Fri, 19 Sep 2025 07:00:00 GMT","{'href': 'https://www.nytimes.com', 'title': 'The New York Times'}",hockey+analytics,https://www.nytimes.com/athletic/6637539/2025/09/19/edmonton-oilers-stats-analytics-bouchard-mangiapane/,Allan Mitchell,Y,News
"Analytics Advantage: The NHL’s Changing Landscape Across Goal Scoring, Shots, and Efficiency - DobberHockey","Analytics Advantage: The NHL’s Changing Landscape Across Goal Scoring, Shots, and Efficiency  DobberHockey","Thu, 11 Sep 2025 07:00:00 GMT","{'href': 'https://dobberhockey.com', 'title': 'DobberHockey'}",hockey+analytics,https://dobberhockey.com/2025/09/11/analytics-advantage-the-nhls-changing-landscape-across-goal-scoring-shots-and-efficiency/,Stas Pupkov,Y,Website
How Data Analytics Is Changing the Game for the Montreal Canadiens - DansLesCoulisses.com,How Data Analytics Is Changing the Game for the Montreal Canadiens  DansLesCoulisses.com,"Tue, 09 Sep 2025 07:00:00 GMT","{'href': 'https://www.danslescoulisses.com', 'title': 'DansLesCoulisses.com'}",hockey+analytics,https://www.danslescoulisses.com/how-data-analytics-is-changing-the-game-for-the-montreal-canadiens/,Danslescoulisses.com,N,Website
Uncannily Accurate Hockey Analytics Site Favors Carolina Hurricanes Again In 2025-26 - North Carolina Sports Network,Uncannily Accurate Hockey Analytics Site Favors Carolina Hurricanes Again In 2025-26  North Carolina Sports Network,"Thu, 16 Oct 2025 07:00:00 GMT","{'href': 'https://ncsportsnetwork.com', 'title': 'North Carolina Sports Network'}",hockey+analytics,https://ncsportsnetwork.com/uncannily-accurate-hockey-site-again-favors-carolina-hurricanes/,David Glenn,Y,Website
New-look NHL EDGE site has ‘advanced stats for everybody’ - NHL.com,New-look NHL EDGE site has ‘advanced stats for everybody’  NHL.com,"Thu, 09 Oct 2025 07:00:00 GMT","{'href': 'https://www.nhl.com', 'title': 'NHL.com'}",hockey+analytics,https://www.nhl.com/news/topic/nhl-edge/nhl-edge-site-new-look-has-advanced-statistics-for-everybody,NHL,N,Team/League Source
"How Spencer Carbery approaches hockey statistics, the ‘eye test,’ and the Capitals’ analytics staff - RMNB","How Spencer Carbery approaches hockey statistics, the ‘eye test,’ and the Capitals’ analytics staff  RMNB","Mon, 13 Oct 2025 07:00:00 GMT","{'href': 'https://russianmachineneverbreaks.com', 'title': 'RMNB'}",hockey+analytics,https://russianmachineneverbreaks.com/2025/10/13/spencer-carbery-hockey-statistics-capitals-analytics-staff-eye-test/,Chris Cerullo,Y,Blog
St. Louis Blues’ Armstrong talks growth of team’s analytics department - Sports Business Journal,St. Louis Blues’ Armstrong talks growth of team’s analytics department  Sports Business Journal,"Mon, 13 Oct 2025 07:00:00 GMT","{'href': 'https://www.sportsbusinessjournal.com', 'title': 'Sports Business Journal'}",hockey+analytics,https://www.sportsbusinessjournal.com/Articles/2025/10/13/blues-armstrong-talks-growth-of-teams-analytics-department/,Matthew DeFrankis,Y,News
North Carolina firm powers NHL's real-time stats - The Business Journals,North Carolina firm powers NHL's real-time stats  The Business Journals,"Tue, 07 Oct 2025 07:00:00 GMT","{'href': 'https://www.bizjournals.com', 'title': 'The Business Journals'}",hockey+analytics,https://www.bizjournals.com/triangle/news/2025/10/07/ai-pramana-nhl-tech-stats-data-analytics-sports.html,Lauren Ohnesorge,Y,Website
Who analytics says is the best Maple Leafs player so far this season - Editor In Leaf,Who analytics says is the best Maple Leafs player so far this season  Editor In Leaf,"Mon, 27 Oct 2025 07:00:00 GMT","{'href': 'https://editorinleaf.com', 'title': 'Editor In Leaf'}",hockey+analytics,https://editorinleaf.com/who-analytics-says-is-the-best-maple-leafs-player-so-far-this-season,Thomas Williams,Y,Blog
How Advanced Analytics Shape NHL Team Success - The Win Column,How Advanced Analytics Shape NHL Team Success  The Win Column,"Thu, 02 Oct 2025 07:00:00 GMT","{'href': 'https://thewincolumn.ca', 'title': 'The Win Column'}",hockey+analytics,https://thewincolumn.ca/2025/10/02/how-advanced-analytics-shape-nhl-team-success/,Luke Turner,Y,Website
How AI can track hockey action from faceoff to finish - University of Waterloo,How AI can track hockey action from faceoff to finish  University of Waterloo,"Thu, 06 Nov 2025 08:00:00 GMT","{'href': 'https://uwaterloo.ca', 'title': 'University of Waterloo'}",hockey+analytics,https://uwaterloo.ca/news/media/how-ai-can-track-hockey-action-faceoff-finish,Media Relations,Y,Website
Hockey analytics pioneer Tim Barnes promoted to assistant general manager by Washington Capitals - RMNB,Hockey analytics pioneer Tim Barnes promoted to assistant general manager by Washington Capitals  RMNB,"Mon, 03 Nov 2025 08:00:00 GMT","{'href': 'https://russianmachineneverbreaks.com', 'title': 'RMNB'}",hockey+analytics,https://russianmachineneverbreaks.com/2025/11/03/tim-barnes-washington-capitals-assistant-general-manager/,Chris Cerullo,Y,Blog
‘Cigarettes and cashews’: Foote hilariously claps back at publicly-available analytics - Canucks Army,‘Cigarettes and cashews’: Foote hilariously claps back at publicly-available analytics  Canucks Army,"Mon, 24 Nov 2025 08:00:00 GMT","{'href': 'https://canucksarmy.com', 'title': 'Canucks Army'}",hockey+analytics,https://canucksarmy.com/news/cigarettes-cashews-foote-hilariously-claps-back-publicly-available-analytics,Tyler Kuehl,Y,Blog
Cancucks Coach Adam Foote Hilariously Rips Stat Nerds Having 'Cashews And Cigarettes' - Fox News,Cancucks Coach Adam Foote Hilariously Rips Stat Nerds Having 'Cashews And Cigarettes'  Fox News,"Tue, 25 Nov 2025 08:00:00 GMT","{'href': 'https://www.outkick.com', 'title': 'Fox News'}",hockey+analytics,https://www.outkick.com/sports/adam-foote-rips-hockey-analytics-cashews-cigarettes-quote,Matt Reigle,Y,Website
"Data Is Important, Brayden Schenn Feels Analytics Don't Always Paint Picture, Haven't For Blues In Young Season - The Hockey News","Data Is Important, Brayden Schenn Feels Analytics Don't Always Paint Picture, Haven't For Blues In Young Season  The Hockey News","Tue, 04 Nov 2025 08:00:00 GMT","{'href': 'https://thehockeynews.com', 'title': 'The Hockey News'}",hockey+analytics,https://thehockeynews.com/nhl/st-louis-blues/players/data-is-important-brayden-schenn-feels-analytics-don-t-always-paint-picture-haven-t-for-blues-in-young-season,Lou Korac,Y,Website
Analytics paint Edmonton Oilers as one of the unluckiest teams in NHL - Daily Hive,Analytics paint Edmonton Oilers as one of the unluckiest teams in NHL  Daily Hive,"Tue, 04 Nov 2025 08:00:00 GMT","{'href': 'https://dailyhive.com', 'title': 'Daily Hive'}",hockey+analytics,https://dailyhive.com/edmonton/analytics-oilers-unluckiest-team-nhl,Preston Hodgkinson,Y,Website
Penguins' Third Line - Led By Rookie Ben Kindel - Thriving In Key Analytics Category - The Hockey News,Penguins' Third Line - Led By Rookie Ben Kindel - Thriving In Key Analytics Category  The Hockey News,"Mon, 03 Nov 2025 08:00:00 GMT","{'href': 'https://thehockeynews.com', 'title': 'The Hockey News'}",hockey+analytics,https://thehockeynews.com/nhl/pittsburgh-penguins/latest-news/penguins-third-line---led-by-rookie-ben-kindel---thriving-in-key-analytics-category,Kelsey Surmacz,Y,Website
"The Capitals are better analytically this season than they were during the 2024-25 campaign, but aren’t winning games: ‘It really tests us as coaches to stay with our process’ - RMNB","The Capitals are better analytically this season than they were during the 2024-25 campaign, but aren’t winning games: ‘It really tests us as coaches to stay with our process’  RMNB","Mon, 10 Nov 2025 08:00:00 GMT","{'href': 'https://russianmachineneverbreaks.com', 'title': 'RMNB'}",hockey+analytics,https://russianmachineneverbreaks.com/2025/11/10/capitals-analytics-spencer-carbery-2025-26-nhl-season/,Chris Cerullo,Y,Blog
Analytics suggest the Vancouver Canucks are the NHL's worst team - Daily Hive,Analytics suggest the Vancouver Canucks are the NHL's worst team  Daily Hive,"Thu, 06 Nov 2025 08:00:00 GMT","{'href': 'https://dailyhive.com', 'title': 'Daily Hive'}",hockey+analytics,https://dailyhive.com/vancouver/analytics-suggest-canucks-nhl-worst-team,Trevor Beggs,Y,Website
Are the Blackhawks better than numbers suggest? A public vs. private analytics debate - The Athletic - The New York Times,Are the Blackhawks better than numbers suggest? A public vs. private analytics debate - The Athletic  The New York Times,"Tue, 09 Dec 2025 08:00:00 GMT","{'href': 'https://www.nytimes.com', 'title': 'The New York Times'}",hockey+analytics,https://www.nytimes.com/athletic/6871714/2025/12/09/blackhawks-nhl-analytics-blashill/,Mark Lazerus; Dom Luszczyszyn,Y,News
"At USA Hockey, Using Data to Score With ‘Thoughtful’ Growth - WSJ","At USA Hockey, Using Data to Score With ‘Thoughtful’ Growth  WSJ","Mon, 29 Dec 2025 08:00:00 GMT","{'href': 'https://deloitte.wsj.com', 'title': 'WSJ'}",hockey+analytics,https://deloitte.wsj.com/cio/at-usa-hockey-using-data-to-score-with-thoughtful-growth-0cfc647d,Josh Hyatt; John Labate,Y,News
Analytics show Caps’ Hendrix Lapierre is thriving. His production doesn’t. - The Washington Post,Analytics show Caps’ Hendrix Lapierre is thriving. His production doesn’t.  The Washington Post,"Mon, 29 Dec 2025 08:00:00 GMT","{'href': 'https://www.washingtonpost.com', 'title': 'The Washington Post'}",hockey+analytics,https://www.washingtonpost.com/sports/2025/12/29/capitals-hendrix-lapierre/,Bailey Johnson,Y,News
NHL xG analytics explained: Which teams are over-performing or under-performing this season? - The Win Column,NHL xG analytics explained: Which teams are over-performing or under-performing this season?  The Win Column,"Sun, 14 Dec 2025 08:00:00 GMT","{'href': 'https://thewincolumn.ca', 'title': 'The Win Column'}",hockey+analytics,https://thewincolumn.ca/2025/12/14/nhl-xg-analytics-explained-which-teams-are-over-performing-or-under-performing-this-season/,Luke Turner,Y,Website
Introducing the Hockey Analytics League Operations (HALO) Meetings & Conference 2026 - NHL.com,Introducing the Hockey Analytics League Operations (HALO) Meetings & Conference 2026  NHL.com,"Wed, 07 Jan 2026 08:00:00 GMT","{'href': 'https://www.nhl.com', 'title': 'NHL.com'}",hockey+analytics,https://www.nhl.com/avalanche/news/introducing-the-hockey-analytics-league-operations-halo-meetings-conference-2026,Colorado Avalanche,N,Team/League Source
Avalanche To Host Inaugural Hockey Analytics League Operations (HALO) Conference - Yahoo Sports,Avalanche To Host Inaugural Hockey Analytics League Operations (HALO) Conference  Yahoo Sports,"Wed, 07 Jan 2026 08:00:00 GMT","{'href': 'https://sports.yahoo.com', 'title': 'Yahoo Sports'}",hockey+analytics,https://sports.yahoo.com/articles/avalanche-host-inaugural-hockey-analytics-230824018.html,Ryan O’Hara,Y,Website
Teamworks Acquires Sportlogiq to Expand Its AI-Powered Intelligence Platform - Teamworks,Teamworks Acquires Sportlogiq to Expand Its AI-Powered Intelligence Platform  Teamworks,"Thu, 15 Jan 2026 08:00:00 GMT","{'href': 'https://teamworks.com', 'title': 'Teamworks'}",hockey+analytics,https://teamworks.com/blog/teamworks-acquires-sportlogiq/,Teamworks,N,Website
"Teamworks acquires Sportlogiq to bolster AI capabilities, hockey user base - Sports Business Journal","Teamworks acquires Sportlogiq to bolster AI capabilities, hockey user base  Sports Business Journal","Thu, 15 Jan 2026 08:00:00 GMT","{'href': 'https://www.sportsbusinessjournal.com', 'title': 'Sports Business Journal'}",hockey+analytics,https://www.sportsbusinessjournal.com/Articles/2026/01/15/teamworks-acquires-sportlogiq-to-bolster-ai-capabilities-hockey-user-base/,Joe Lemire,Y,News
How NHL Player Prop Bets Evolve With Advanced Analytics in the Modern Era - Pro Hockey News,How NHL Player Prop Bets Evolve With Advanced Analytics in the Modern Era  Pro Hockey News,"Wed, 21 Jan 2026 08:00:00 GMT","{'href': 'https://prohockeynews.com', 'title': 'Pro Hockey News'}",hockey+analytics,https://prohockeynews.com/how-nhl-player-prop-bets-evolve-with-advanced-analytics-in-the-modern-era-2/,Pro Hockey News Staff,N,Website
"Teamworks, the “operating system for sports,” buys hockey analytics platform Sportlogiq - BetaKit","Teamworks, the “operating system for sports,” buys hockey analytics platform Sportlogiq  BetaKit","Wed, 21 Jan 2026 08:00:00 GMT","{'href': 'https://betakit.com', 'title': 'BetaKit'}",hockey+analytics,https://betakit.com/teamworks-the-operating-system-for-sports-buys-hockey-analytics-platform-sportlogiq/,Alex Riehl; Madison Mclauchlan; Jesse Cole,Y,Website
Teamworks acquires AI sports analytics platform Sportlogiq - Broadcast,Teamworks acquires AI sports analytics platform Sportlogiq  Broadcast,"Mon, 19 Jan 2026 08:00:00 GMT","{'href': 'https://www.broadcastnow.co.uk', 'title': 'Broadcast'}",hockey+analytics,https://www.broadcastnow.co.uk/tech-innovation/teamworks-acquires-ai-sports-analytics-platform-sportlogiq/5212785.article,Jake Bickerton,Y,News
Edmonton Oilers actively hiring for three jobs in analytics department - Daily Hive,Edmonton Oilers actively hiring for three jobs in analytics department  Daily Hive,"Mon, 12 Jan 2026 08:00:00 GMT","{'href': 'https://dailyhive.com', 'title': 'Daily Hive'}",hockey+analytics,https://dailyhive.com/edmonton/oilers-hiring-three-jobs-analytics-department,Preston Hodgkinson,Y,Website
Will the Bruins make the playoffs? Analytics are pessimistic - The New York Times,Will the Bruins make the playoffs? Analytics are pessimistic  The New York Times,"Thu, 26 Feb 2026 08:00:00 GMT","{'href': 'https://www.nytimes.com', 'title': 'The New York Times'}",hockey+analytics,https://www.nytimes.com/athletic/7071403/2026/02/26/bruins-playoffs-clear-sight-analytics/,Fluto Shinzawa,Y,News
"Q&A: Sam Ventura, the man in charge of the Sabres' analytics department - Arizona Daily Star","Q&A: Sam Ventura, the man in charge of the Sabres' analytics department  Arizona Daily Star","Tue, 17 Feb 2026 08:00:00 GMT","{'href': 'https://tucson.com', 'title': 'Arizona Daily Star'}",hockey+analytics,https://tucson.com/sports/sabres/article_151d0574-6462-5d3c-a001-75f5d754114e.html,Lace Lysowski,Y,News
HALO conference shows continued growth in advanced hockey analytics - NHL.com,HALO conference shows continued growth in advanced hockey analytics  NHL.com,"Wed, 01 Apr 2026 07:00:00 GMT","{'href': 'https://www.nhl.com', 'title': 'NHL.com'}",hockey+analytics,https://www.nhl.com/news/halo-conference-shows-continued-growth-in-advanced-hockey-analytics,Pete Jensen,Y,Team/League Source
How AI is creeping its way into NHL front offices and can become a game changer - New York Post,How AI is creeping its way into NHL front offices and can become a game changer  New York Post,"Mon, 27 Apr 2026 07:00:00 GMT","{'href': 'https://nypost.com', 'title': 'New York Post'}",hockey+analytics,https://nypost.com/2026/04/27/sports/how-ai-is-creeping-its-way-into-nhl-front-offices-and-can-become-a-game-changer/,Ethan Sears,Y,News
Waterloo researchers and Stathletes push the boundaries of hockey analytics - University of Waterloo,Waterloo researchers and Stathletes push the boundaries of hockey analytics  University of Waterloo,"Mon, 06 Apr 2026 07:00:00 GMT","{'href': 'https://uwaterloo.ca', 'title': 'University of Waterloo'}",hockey+analytics,https://uwaterloo.ca/news/waterloo-researchers-and-stathletes-push-boundaries-hockey,Darren Mcalmont,Y,Website
N.J. Devils hire Florida Panthers’ analytics boss Sunny Mehta to run hockey operations - Sports Business Journal,N.J. Devils hire Florida Panthers’ analytics boss Sunny Mehta to run hockey operations  Sports Business Journal,"Fri, 17 Apr 2026 07:00:00 GMT","{'href': 'https://www.sportsbusinessjournal.com', 'title': 'Sports Business Journal'}",hockey+analytics,https://www.sportsbusinessjournal.com/Articles/2026/04/17/devils-hire-florida-panthers-analytics-boss-sunny-mehta-to-run-hockey-operations/,Sports Business Journal,N,News
HALO Conference Showcases Growth of Analytics in Hockey - NHL.com,HALO Conference Showcases Growth of Analytics in Hockey  NHL.com,"Fri, 03 Apr 2026 07:00:00 GMT","{'href': 'https://www.nhl.com', 'title': 'NHL.com'}",hockey+analytics,https://www.nhl.com/avalanche/news/halo-conference-showcases-growth-of-analytics-in-hockey,Coby Maeir,Y,Team/League Source
Meet the Ivy League student who wants to revolutionize how we quantify a critical NHL skill | Journal - The Denver Post,Meet the Ivy League student who wants to revolutionize how we quantify a critical NHL skill | Journal  The Denver Post,"Sun, 05 Apr 2026 07:00:00 GMT","{'href': 'https://www.denverpost.com', 'title': 'The Denver Post'}",hockey+analytics,https://www.denverpost.com/2026/04/05/avalanche-kelly-oconnor-forechecking-bednar/,Corey Masisak,Y,News
So you're saying there's a chance? NHL analytics site with Oilers' new Stanley Cup odds - Edmonton Journal,So you're saying there's a chance? NHL analytics site with Oilers' new Stanley Cup odds  Edmonton Journal,"Thu, 30 Apr 2026 07:00:00 GMT","{'href': 'https://edmontonjournal.com', 'title': 'Edmonton Journal'}",hockey+analytics,https://edmontonjournal.com/sports/hockey/nhl/cult-of-hockey/edmonton-oilers-anaheim-ducks-game-6-stanley-cup-odds-of-winning,David Staples,Y,News
Devils name Florida assistant GM and analytics specialist Mehta as team’s new general manager - TSN,Devils name Florida assistant GM and analytics specialist Mehta as team’s new general manager  TSN,"Thu, 16 Apr 2026 07:00:00 GMT","{'href': 'https://www.tsn.ca', 'title': 'TSN'}",hockey+analytics,https://www.tsn.ca/nhl/article/devils-name-analytics-specialist-mehta-as-teams-new-general-manager/,TSN Staff,N,Website
Maple Leafs and the ‘data driven’ corporate speak - The Leafs Nation,Maple Leafs and the ‘data driven’ corporate speak  The Leafs Nation,"Sun, 12 Apr 2026 07:00:00 GMT","{'href': 'https://theleafsnation.com', 'title': 'The Leafs Nation'}",hockey+analytics,https://theleafsnation.com/news/toronto-maple-leafs-data-driven-corporate-speak,Jon Steitzer,Y,Blog
Edmonton Oilers have added three new hires into analytics department - Daily Hive,Edmonton Oilers have added three new hires into analytics department  Daily Hive,"Wed, 08 Apr 2026 07:00:00 GMT","{'href': 'https://dailyhive.com', 'title': 'Daily Hive'}",hockey+analytics,https://dailyhive.com/edmonton/oilers-added-three-new-hires-analytics-department,Preston Hodgkinson,Y,Website
Identifying Edmonton Oilers’ recent transactions that were aided by analytics - The New York Times,Identifying Edmonton Oilers’ recent transactions that were aided by analytics  The New York Times,"Sun, 31 May 2026 07:00:00 GMT","{'href': 'https://www.nytimes.com', 'title': 'The New York Times'}",hockey+analytics,https://www.nytimes.com/athletic/7319956/2026/05/31/edmonton-oilers-recent-transactions-analytics/,Allan Mitchell,Y,News
How AI is impacting the way NHL teams do business - theScore,How AI is impacting the way NHL teams do business  theScore,"Sat, 02 May 2026 07:00:00 GMT","{'href': 'https://www.thescore.com', 'title': 'theScore'}",hockey+analytics,https://www.thescore.com/nhl/news/3533715/how-ai-is-impacting-the-way-nhl-teams-do-business,John Matisz,Y,Website
How Carolina Hurricanes are disproving heart vs. analytics debate - Sportsnet.ca,How Carolina Hurricanes are disproving heart vs. analytics debate  Sportsnet.ca,"Tue, 26 May 2026 07:00:00 GMT","{'href': 'https://www.sportsnet.ca', 'title': 'Sportsnet.ca'}",hockey+analytics,https://www.sportsnet.ca/nhl/article/how-carolina-hurricanes-are-disproving-heart-vs-analytics-debate/,Justin Bourne,Y,Website
The NHL Is Missing One of Sports’ Most Interesting Stats - The Hockey Writers,The NHL Is Missing One of Sports’ Most Interesting Stats  The Hockey Writers,"Mon, 11 May 2026 07:00:00 GMT","{'href': 'https://thehockeywriters.com', 'title': 'The Hockey Writers'}",hockey+analytics,https://thehockeywriters.com/the-nhl-is-missing-one-of-sports-most-interesting-stats/,Daniel Amoia,Y,Website
Canucks hint at analytics importance with subtle website update - Daily Hive,Canucks hint at analytics importance with subtle website update  Daily Hive,"Thu, 21 May 2026 07:00:00 GMT","{'href': 'https://dailyhive.com', 'title': 'Daily Hive'}",hockey+analytics,https://dailyhive.com/vancouver/canucks-hint-analytics-importance-subtle-website-update,Trevor Beggs,Y,Website
From Ice to Interface: Tracking the Calgary Flames in a Data-Driven NHL - The Win Column,From Ice to Interface: Tracking the Calgary Flames in a Data-Driven NHL  The Win Column,"Fri, 01 May 2026 07:00:00 GMT","{'href': 'https://thewincolumn.ca', 'title': 'The Win Column'}",hockey+analytics,https://thewincolumn.ca/2026/05/01/from-ice-to-interface-tracking-the-calgary-flames-in-a-data-driven-nhl/,Luke Turner,Y,Website
"Durham-based company revolutionizes NHL stats and analysis, Lenovo Center watch parties - WRAL","Durham-based company revolutionizes NHL stats and analysis, Lenovo Center watch parties  WRAL","Tue, 09 Jun 2026 07:00:00 GMT","{'href': 'https://www.wral.com', 'title': 'WRAL'}",hockey+analytics,https://www.wral.com/sports/durham-based-company-revolutionizes-nhl-tracking-june-2026/,Monica Casey,Y,News
NHL EDGE stats: Jarvis has strong underlying metrics in postseason - NHL.com,NHL EDGE stats: Jarvis has strong underlying metrics in postseason  NHL.com,"Sat, 06 Jun 2026 07:00:00 GMT","{'href': 'https://www.nhl.com', 'title': 'NHL.com'}",hockey+analytics,https://www.nhl.com/news/topic/nhl-edge/nhl-edge-stats-seth-jarvis-carolina-hurricanes-2026-stanley-cup-playoffs,Fantasy Hockey Staff,N,Team/League Source
How the Hurricanes' jock-nerd alliance won the Stanley Cup - ESPN,How the Hurricanes' jock-nerd alliance won the Stanley Cup  ESPN,"Sun, 14 Jun 2026 07:00:00 GMT","{'href': 'https://www.espn.com', 'title': 'ESPN'}",hockey+analytics,https://www.espn.com/nhl/story/_/id/49063240/nhl-2026-playoffs-stanley-cup-final-carolina-hurricanes-win-championship-rod-brindamour-eric-tulsky,Greg Wyshynski,Y,Website
"Meet Canucks’ new AGM: Why Richard Seeley came home, using analytics, more - The Athletic - The New York Times","Meet Canucks’ new AGM: Why Richard Seeley came home, using analytics, more - The Athletic  The New York Times","Thu, 18 Jun 2026 07:00:00 GMT","{'href': 'https://www.nytimes.com', 'title': 'The New York Times'}",hockey+analytics,https://www.nytimes.com/athletic/7370975/2026/06/18/canucks-richard-seeley-vancouver-abbotsford/,Thomas Drance; Corey Pronman; Scott Wheeler,Y,News
GM Chris MacFarland wants to 'beef up' Nashville Predators' data analytics team - The Tennessean,GM Chris MacFarland wants to 'beef up' Nashville Predators' data analytics team  The Tennessean,"Mon, 08 Jun 2026 07:00:00 GMT","{'href': 'https://www.tennessean.com', 'title': 'The Tennessean'}",hockey+analytics,https://www.tennessean.com/story/sports/nhl/predators/2026/06/08/nashville-predators-chris-macfarland-data-analytics-team/90443127007/,Alex Daugherty,Y,News
Why NHL fans should ignore giveaway and takeaway stats - Oilers Nation,Why NHL fans should ignore giveaway and takeaway stats  Oilers Nation,"Mon, 08 Jun 2026 07:00:00 GMT","{'href': 'https://oilersnation.com', 'title': 'Oilers Nation'}",hockey+analytics,https://oilersnation.com/news/edmonton-oilers-nhl-ignore-giveaway-takeaway-stats,NHL_Sid,N,Blog
Analytics Advantage: How Vegas and Carolina Are Achieving Similar Results With Different Styles - DobberHockey,Analytics Advantage: How Vegas and Carolina Are Achieving Similar Results With Different Styles  DobberHockey,"Fri, 05 Jun 2026 07:00:00 GMT","{'href': 'https://dobberhockey.com', 'title': 'DobberHockey'}",hockey+analytics,https://dobberhockey.com/2026/06/05/analytics-advantage-how-vegas-and-carolina-are-achieving-similar-results-with-different-styles/,Stas Pupkov,Y,Website
"Analytics Advantage: Hot Goalies, Phantom Depth, and What Actually Wins a Playoff Series - DobberHockey","Analytics Advantage: Hot Goalies, Phantom Depth, and What Actually Wins a Playoff Series  DobberHockey","Fri, 12 Jun 2026 07:00:00 GMT","{'href': 'https://dobberhockey.com', 'title': 'DobberHockey'}",hockey+analytics,https://dobberhockey.com/2026/06/12/analytics-advantage-hot-goalies-phantom-depth-and-what-actually-wins-a-playoff-series/,Stas Pupkov,Y,Website
Red Wings might eye different front office format focused on analytics - MLive.com,Red Wings might eye different front office format focused on analytics  MLive.com,"Fri, 17 Jul 2026 10:01:00 GMT","{'href': 'https://www.mlive.com', 'title': 'MLive.com'}",hockey+analytics,https://www.mlive.com/redwings/2026/07/red-wings-might-eye-different-front-office-format-focused-on-analytics.html,Ansar Khan,Y,Website
Broncos introduce analytics department ahead of 2026-27 season - Canadian Hockey League,Broncos introduce analytics department ahead of 2026-27 season  Canadian Hockey League,"Mon, 13 Jul 2026 21:51:05 GMT","{'href': 'https://chl.ca', 'title': 'Canadian Hockey League'}",hockey+analytics,https://chl.ca/whl/article/broncos-introduce-analytics-department-ahead-of-2026-27-season,Matthew DeMille,Y,Team/League Source
What stats are reliable & SHOULD the Philadelphia Flyers be looking at to evaluate Travis Konecny? - KVUE,What stats are reliable & SHOULD the Philadelphia Flyers be looking at to evaluate Travis Konecny?  KVUE,"Tue, 21 Jul 2026 19:45:00 GMT","{'href': 'https://www.kvue.com', 'title': 'KVUE'}",hockey+analytics,https://www.kvue.com/video/sports/locked-on/lo-philadelphia/flyers-show/what-stats-are-reliable-should-the-philadelphia-flyers-be-looking-at-to-evaluate-travis-konecny/535-42a3af45-0604-4c51-8410-a4ef5fcba4ed,ABC KVUE,N,Website
Boston Bruins Announce Front Office Changes - Sports Illustrated,Boston Bruins Announce Front Office Changes  Sports Illustrated,"Tue, 14 Jul 2026 07:00:00 GMT","{'href': 'https://www.si.com', 'title': 'Sports Illustrated'}",hockey+analytics,https://www.si.com/nhl/bruins/onsi/news/boston-bruins-announce-front-office-changes,Kim Rankin,Y,Website
The Sharks Curse still lives on - My Analytics Corner,The Sharks Curse still lives on  My Analytics Corner,"Wed, 15 Jul 2026 10:03:15 GMT","{'href': 'https://bfarrell27.substack.com', 'title': 'My Analytics Corner'}",hockey+analytics,https://bfarrell27.substack.com/p/the-sharks-curse-still-lives-on,Brendan Farrell,Y,Blog
Red Wings GM search could prioritize history – and a lot of math - Detroit Free Press,Red Wings GM search could prioritize history – and a lot of math  Detroit Free Press,"Sat, 18 Jul 2026 09:10:17 GMT","{'href': 'https://www.freep.com', 'title': 'Detroit Free Press'}",hockey+analytics,https://www.freep.com/story/sports/nhl/red-wings/2026/07/18/detroit-red-wings-gm-search-analytics-brendan-shanahan/90960166007/,Helene St. James,Y,Website
"Edmonton Oilers sign up veteran puck-moving d-man, an analytics favourite - Edmonton Journal","Edmonton Oilers sign up veteran puck-moving d-man, an analytics favourite  Edmonton Journal","Wed, 01 Jul 2026 07:00:00 GMT","{'href': 'https://edmontonjournal.com', 'title': 'Edmonton Journal'}",hockey+analytics,https://edmontonjournal.com/sports/hockey/nhl/cult-of-hockey/edmonton-oilers-sign-ryan-shea-to-contract,David Staples,Y,News
Analytics model giving Edmonton Oilers some of the highest Stanley Cup odds - Daily Hive,Analytics model giving Edmonton Oilers some of the highest Stanley Cup odds  Daily Hive,"Thu, 16 Jul 2026 12:00:00 GMT","{'href': 'https://dailyhive.com', 'title': 'Daily Hive'}",hockey+analytics,https://dailyhive.com/edmonton/analytics-oilers-stanley-cup-odds,Preston Hodgkinson,Y,Website
The Analysis Behind the Inevitable Alexis Lafrenière Breakout Season - Last Word On Sports,The Analysis Behind the Inevitable Alexis Lafrenière Breakout Season  Last Word On Sports,"Tue, 21 Jul 2026 12:05:23 GMT","{'href': 'https://lastwordonsports.com', 'title': 'Last Word On Sports'}",hockey+analytics,https://lastwordonsports.com/hockey/2026/07/21/alexis-lafreniere-breakout/,Zach Yusko,Y,Website
How AI is opening the playbook on sports analytics - University of Waterloo,How AI is opening the playbook on sports analytics  University of Waterloo,"Wed, 03 Sep 2025 07:00:00 GMT","{'href': 'https://uwaterloo.ca', 'title': 'University of Waterloo'}","hockey+""data science""",https://uwaterloo.ca/news/media/how-ai-opening-playbook-sports-analytics,University of Waterloo,M,Website
Kraken winning streaks vs. losing streaks: What the data shows - Sound Of Hockey,Kraken winning streaks vs. losing streaks: What the data shows  Sound Of Hockey,"Thu, 08 Jan 2026 08:00:00 GMT","{'href': 'https://soundofhockey.com', 'title': 'Sound Of Hockey'}","hockey+""data science""",https://soundofhockey.com/2026/01/08/kraken-winning-streaks-vs-losing-streaks-what-the-data-shows/,Blaiz Grubic,Y,Blog
Teamworks Acquires Sportlogiq to Expand Its AI-Powered Intelligence Platform - Teamworks,Teamworks Acquires Sportlogiq to Expand Its AI-Powered Intelligence Platform  Teamworks,"Thu, 15 Jan 2026 08:00:00 GMT","{'href': 'https://teamworks.com', 'title': 'Teamworks'}","hockey+""data science""",https://teamworks.com/blog/teamworks-acquires-sportlogiq/,Teamworks,N,Website
"Teamworks acquires Sportlogiq to bolster AI capabilities, hockey user base - Sports Business Journal","Teamworks acquires Sportlogiq to bolster AI capabilities, hockey user base  Sports Business Journal","Thu, 15 Jan 2026 08:00:00 GMT","{'href': 'https://www.sportsbusinessjournal.com', 'title': 'Sports Business Journal'}","hockey+""data science""",https://www.sportsbusinessjournal.com/Articles/2026/01/15/teamworks-acquires-sportlogiq-to-bolster-ai-capabilities-hockey-user-base/,Joe Lemire,Y,News
"Teamworks, the “operating system for sports,” buys hockey analytics platform Sportlogiq - BetaKit","Teamworks, the “operating system for sports,” buys hockey analytics platform Sportlogiq  BetaKit","Wed, 21 Jan 2026 08:00:00 GMT","{'href': 'https://betakit.com', 'title': 'BetaKit'}","hockey+""data science""",https://betakit.com/teamworks-the-operating-system-for-sports-buys-hockey-analytics-platform-sportlogiq/,Alex Riehl; Madison Mclauchlan; Jesse Cole,Y,Website
Teamworks acquires AI sports analytics platform Sportlogiq - Broadcast,Teamworks acquires AI sports analytics platform Sportlogiq  Broadcast,"Mon, 19 Jan 2026 08:00:00 GMT","{'href': 'https://www.broadcastnow.co.uk', 'title': 'Broadcast'}","hockey+""data science""",https://www.broadcastnow.co.uk/tech-innovation/teamworks-acquires-ai-sports-analytics-platform-sportlogiq/5212785.article,Jake Bickerton,Y,News
Behind Olympic Gold: The Data Science Powering Winter Athletes - Syracuse University Today,Behind Olympic Gold: The Data Science Powering Winter Athletes  Syracuse University Today,"Tue, 10 Feb 2026 08:00:00 GMT","{'href': 'https://news.syr.edu', 'title': 'Syracuse University Today'}","hockey+""data science""",https://news.syr.edu/2026/02/10/behind-olympic-gold-the-data-science-powering-winter-athletes/,Syracruse University,N,Website
Maple Leafs seeking 'data-centered' head of hockey operations - NHL.com,Maple Leafs seeking 'data-centered' head of hockey operations  NHL.com,"Tue, 31 Mar 2026 07:00:00 GMT","{'href': 'https://www.nhl.com', 'title': 'NHL.com'}","hockey+""data science""",https://www.nhl.com/news/toronto-maple-leafs-seek-data-oriented-head-of-hockey-operations,Dave McCarthy,Y,Team/League Source
2026 MIT Sloan Sports Analytics Conference shows why data make a difference - MIT News,2026 MIT Sloan Sports Analytics Conference shows why data make a difference  MIT News,"Tue, 10 Mar 2026 07:00:00 GMT","{'href': 'https://news.mit.edu', 'title': 'MIT News'}","hockey+""data science""",https://news.mit.edu/2026/mit-sloan-sports-analytics-conference-shows-why-data-makes-difference-0310,Peter Dizikes,Y,Website
Ways of Thinking: What does it mean to be datacentric? - PPP Leafs,Ways of Thinking: What does it mean to be datacentric?  PPP Leafs,"Mon, 06 Apr 2026 07:00:00 GMT","{'href': 'https://www.pensionplanpuppets.com', 'title': 'PPP Leafs'}","hockey+""data science""",https://www.pensionplanpuppets.com/ways-of-thinking-what-does-it-mean-to-be-datacentric/,Cathy Squires,Y,Blog
NHL insider names top 6 'data-centric' Maple Leafs GM candidates after Keith Pelley sets crystal clear hiring guidelines - Sportskeeda,NHL insider names top 6 'data-centric' Maple Leafs GM candidates after Keith Pelley sets crystal clear hiring guidelines  Sportskeeda,"Wed, 01 Apr 2026 07:00:00 GMT","{'href': 'https://www.sportskeeda.com', 'title': 'Sportskeeda'}","hockey+""data science""",https://www.sportskeeda.com/us/nhl/rumor-nhl-insider-names-top-5-data-centric-maple-leafs-gm-candidates-keith-pelley-sets-crystal-clear-hiring-guidelines,Srihari Anand,Y,Website
"NHL, NHLPA, and SAP, with support from Sharks Foundation, announce finalists for San Jose Hockey Innovation Competition - NHL.com","NHL, NHLPA, and SAP, with support from Sharks Foundation, announce finalists for San Jose Hockey Innovation Competition  NHL.com","Fri, 29 May 2026 07:00:00 GMT","{'href': 'https://www.nhl.com', 'title': 'NHL.com'}","hockey+""data science""",https://www.nhl.com/sharks/news/nhl-nhlpa-and-sap-with-support-from-sharks-foundation-announce-finalists-for-san-jose-hockey-innovation-competition,NHL,N,Team/League Source
NHL Scores a Hat Trick with VAST Data - HPCwire,NHL Scores a Hat Trick with VAST Data  HPCwire,"Tue, 02 Jun 2026 07:00:00 GMT","{'href': 'https://www.hpcwire.com', 'title': 'HPCwire'}","hockey+""data science""",https://www.hpcwire.com/bigdatawire/2026/06/02/nhl-scores-a-hat-trick-with-vast-data/,Alex Woodie,Y,Website
"DRIVE Hockey Secures R&D Grant for Sports AI, Appoints CXO, and Passes 2025 Player Tracking Volume in Record Time - The Globe and Mail","DRIVE Hockey Secures R&D Grant for Sports AI, Appoints CXO, and Passes 2025 Player Tracking Volume in Record Time  The Globe and Mail","Mon, 15 Jun 2026 07:00:00 GMT","{'href': 'https://www.theglobeandmail.com', 'title': 'The Globe and Mail'}","hockey+""data science""",https://www.theglobeandmail.com/investing/markets/markets-news/Newsfile/2480261/drive-hockey-secures-rd-grant-for-sports-ai-appoints-cxo-and-passes-2025-player-tracking-volume-in-record-time/,Newsfile,N,News
Former Vancouver Canucks blogger wins the Stanley Cup - Daily Hive,Former Vancouver Canucks blogger wins the Stanley Cup  Daily Hive,"Mon, 15 Jun 2026 07:00:00 GMT","{'href': 'https://dailyhive.com', 'title': 'Daily Hive'}","hockey+""data science""",https://dailyhive.com/vancouver/former-vancouver-canucks-blogger-wins-stanley-cup,Rob Williams,Y,Website
Broncos introduce analytics department ahead of 2026-27 season - Canadian Hockey League,Broncos introduce analytics department ahead of 2026-27 season  Canadian Hockey League,"Mon, 13 Jul 2026 21:51:05 GMT","{'href': 'https://chl.ca', 'title': 'Canadian Hockey League'}","hockey+""data science""",https://chl.ca/whl/article/broncos-introduce-analytics-department-ahead-of-2026-27-season,Matthew DeMille,Y,Team/League Source
How Oddsmakers Use NHL Stats to Decide the Betting Odds - MayorsManor.com - LA Kings News,How Oddsmakers Use NHL Stats to Decide the Betting Odds  MayorsManor.com - LA Kings News,"Tue, 12 Aug 2025 07:00:00 GMT","{'href': 'https://mayorsmanor.com', 'title': 'MayorsManor.com - LA Kings News'}",hockey+statistics,https://mayorsmanor.com/2025/08/how-oddsmakers-use-nhl-stats-to-decide-the-betting-odds/,Dan Adkisson,Y,Website
MJHL extends partnership with Hudl/InStat | MJHL | Official League Site - MJHL,MJHL extends partnership with Hudl/InStat | MJHL | Official League Site  MJHL,"Wed, 06 Aug 2025 07:00:00 GMT","{'href': 'https://www.mjhlhockey.ca', 'title': 'MJHL'}",hockey+statistics,https://www.mjhlhockey.ca/mjhl-extends-partnership-with-hudl-instat,MJHL,N,Team/League Source
Age effects in NHL draftees: a data-driven review of a multi-dimensional concept - Frontiers,Age effects in NHL draftees: a data-driven review of a multi-dimensional concept  Frontiers,"Mon, 29 Sep 2025 07:00:00 GMT","{'href': 'https://www.frontiersin.org', 'title': 'Frontiers'}",hockey+statistics,https://www.frontiersin.org/journals/sports-and-active-living/articles/10.3389/fspor.2025.1593409/full,Yiru Wang; Ben Csiernik; Kathryn Johnston; Joseph Baker,Y,Research
Projecting Canadiens’ Goalies Stats for 2025-26 - The Hockey Writers,Projecting Canadiens’ Goalies Stats for 2025-26  The Hockey Writers,"Thu, 11 Sep 2025 07:00:00 GMT","{'href': 'https://thehockeywriters.com', 'title': 'The Hockey Writers'}",hockey+statistics,https://thehockeywriters.com/projecting-canadiens-goalies-stats-for-2025-26/,William Bourget,Y,Website
New-look NHL EDGE site has ‘advanced stats for everybody’ - NHL.com,New-look NHL EDGE site has ‘advanced stats for everybody’  NHL.com,"Thu, 09 Oct 2025 07:00:00 GMT","{'href': 'https://www.nhl.com', 'title': 'NHL.com'}",hockey+statistics,https://www.nhl.com/news/topic/nhl-edge/nhl-edge-site-new-look-has-advanced-statistics-for-everybody,NHL.com,N,Team/League Source
"How Spencer Carbery approaches hockey statistics, the ‘eye test,’ and the Capitals’ analytics staff - RMNB","How Spencer Carbery approaches hockey statistics, the ‘eye test,’ and the Capitals’ analytics staff  RMNB","Mon, 13 Oct 2025 07:00:00 GMT","{'href': 'https://russianmachineneverbreaks.com', 'title': 'RMNB'}",hockey+statistics,https://russianmachineneverbreaks.com/2025/10/13/spencer-carbery-hockey-statistics-capitals-analytics-staff-eye-test/,Chris Cerullo,Y,Blog
NHL EDGE stats behind Geekie's elite goal-scoring for Bruins - NHL.com,NHL EDGE stats behind Geekie's elite goal-scoring for Bruins  NHL.com,"Tue, 09 Dec 2025 08:00:00 GMT","{'href': 'https://www.nhl.com', 'title': 'NHL.com'}",hockey+statistics,https://www.nhl.com/news/nhl-edge-stats-behind-morgan-geekie-goals-for-boston-bruins,Fantasy Hockey Staff,N,Team/League Source
Macklin Celebrini micro-stats detail Sharks star's 2025-26 NHL Hart Trophy case - NBC Sports Bay Area & California,Macklin Celebrini micro-stats detail Sharks star's 2025-26 NHL Hart Trophy case  NBC Sports Bay Area & California,"Tue, 09 Dec 2025 08:00:00 GMT","{'href': 'https://www.nbcsportsbayarea.com', 'title': 'NBC Sports Bay Area & California'}",hockey+statistics,https://www.nbcsportsbayarea.com/nhl/san-jose-sharks/macklin-celebrini-stats-mvp/1898035/,Sheng Peng,Y,News
"'Student Of The Game': Inside Capitals Center Dylan Strome's Love Of Stats, High Hockey IQ & Thinking Outside The Box - DC Backcheck","'Student Of The Game': Inside Capitals Center Dylan Strome's Love Of Stats, High Hockey IQ & Thinking Outside The Box  DC Backcheck","Wed, 10 Dec 2025 08:00:00 GMT","{'href': 'https://www.dcbackcheck.com', 'title': 'DC Backcheck'}",hockey+statistics,https://www.dcbackcheck.com/p/washington-capitals-dylan-strome-student-of-game,Sammi Silber,Y,Website
New NHL tracking data suggests Auston Matthews isn't moving the same this season - Hockey Patrol,New NHL tracking data suggests Auston Matthews isn't moving the same this season  Hockey Patrol,"Sun, 14 Dec 2025 08:00:00 GMT","{'href': 'https://www.hockeypatrol.com', 'title': 'Hockey Patrol'}",hockey+statistics,https://www.hockeypatrol.com/nhl-team/toronto-maple-leafs/new-nhl-tracking-data-suggests-auston-matthews-is-not-moving-the-same-this-season,Charlie McAfee,Y,Website
NHL debuts Olympic stats website on records.nhl.com - NHL.com,NHL debuts Olympic stats website on records.nhl.com  NHL.com,"Wed, 21 Jan 2026 08:00:00 GMT","{'href': 'https://www.nhl.com', 'title': 'NHL.com'}",hockey+statistics,https://www.nhl.com/news/nhl-debuts-olympic-stats-website,NHL Public Relations,N,Team/League Source
Introducing the Hockey Analytics League Operations (HALO) Meetings & Conference 2026 - NHL.com,Introducing the Hockey Analytics League Operations (HALO) Meetings & Conference 2026  NHL.com,"Wed, 07 Jan 2026 08:00:00 GMT","{'href': 'https://www.nhl.com', 'title': 'NHL.com'}",hockey+statistics,https://www.nhl.com/avalanche/news/introducing-the-hockey-analytics-league-operations-halo-meetings-conference-2026,Colorado Avalanche,N,Team/League Source
How the NHL can fix the statistic you love to hate: Plus-minus - The Athletic - The New York Times,How the NHL can fix the statistic you love to hate: Plus-minus - The Athletic  The New York Times,"Wed, 14 Jan 2026 08:00:00 GMT","{'href': 'https://www.nytimes.com', 'title': 'The New York Times'}",hockey+statistics,https://www.nytimes.com/athletic/1686042/2020/03/19/how-the-nhl-can-fix-the-statistic-you-love-to-hate-plus-minus/,Jonathan Willis,Y,News
7 stats to explain how the Blue Jackets became the NHL's hottest team - NHL.com,7 stats to explain how the Blue Jackets became the NHL's hottest team  NHL.com,"Fri, 06 Feb 2026 08:00:00 GMT","{'href': 'https://www.nhl.com', 'title': 'NHL.com'}",hockey+statistics,https://www.nhl.com/bluejackets/news/7-stats-blue-jackets-start-of-rick-bowness-era-winning-streak,Jeff Svoboda,Y,Team/League Source
NHL EDGE stats behind Slafkovský's breakout year - NHL.com,NHL EDGE stats behind Slafkovský's breakout year  NHL.com,"Wed, 18 Feb 2026 08:00:00 GMT","{'href': 'https://www.nhl.com', 'title': 'NHL.com'}",hockey+statistics,https://www.nhl.com/news/nhl-edge-stats-juraj-slafkovsky-olympics-montreal-canadiens-2025-26,Fantasy Hockey Staff,N,Team/League Source
"The SAP-NHL Front Office App for iPad: Real-Time, Data-Driven Decisions On the Go - SAP News Center","The SAP-NHL Front Office App for iPad: Real-Time, Data-Driven Decisions On the Go  SAP News Center","Mon, 09 Mar 2026 07:00:00 GMT","{'href': 'https://news.sap.com', 'title': 'SAP News Center'}",hockey+statistics,https://news.sap.com/2026/03/sap-nhl-front-office-app-for-ipad-data-driven-decisions/,Timo Elliott; Michael Ameling; Danielle Venino,Y,Website
"How NHL Schedule Factors Affect Team Results | Research, News - rg.org","How NHL Schedule Factors Affect Team Results | Research, News  rg.org","Wed, 04 Mar 2026 08:00:00 GMT","{'href': 'https://rg.org', 'title': 'rg.org'}",hockey+statistics,https://rg.org/en-ca/research/sports-data-analysis/how-nhl-schedule-factors-impact-team-performance,Sergey Pryakhin,Y,Website
How student researchers are changing the data game in support of Indigenous hockey - Brock University,How student researchers are changing the data game in support of Indigenous hockey  Brock University,"Wed, 25 Mar 2026 07:00:00 GMT","{'href': 'https://brocku.ca', 'title': 'Brock University'}",hockey+statistics,https://brocku.ca/brock-news/2026/03/how-student-researchers-are-changing-the-data-game-in-support-of-indigenous-hockey/,Cathy Majtenyi,Y,Website
Pelley: Leafs looking for 'data-centric' hockey ops leader to replace Treliving - TSN,Pelley: Leafs looking for 'data-centric' hockey ops leader to replace Treliving  TSN,"Tue, 31 Mar 2026 07:00:00 GMT","{'href': 'https://www.tsn.ca', 'title': 'TSN'}",hockey+statistics,https://www.tsn.ca/nhl/article/pelley-leafs-looking-for-data-centric-hockey-ops-leader-to-replace-treliving/,The Canadian Press,N,Website
Your NHL team is the best! (At this one very specific stat from the 2025-26 season) - The Athletic - The New York Times,Your NHL team is the best! (At this one very specific stat from the 2025-26 season) - The Athletic  The New York Times,"Wed, 29 Apr 2026 07:00:00 GMT","{'href': 'https://www.nytimes.com', 'title': 'The New York Times'}",hockey+statistics,https://www.nytimes.com/athletic/7238326/2026/04/29/nhl-specific-stats-2025-26/,Sean Mcindoe; Harman Dayal,Y,News
HALO conference shows continued growth in advanced hockey analytics - NHL.com,HALO conference shows continued growth in advanced hockey analytics  NHL.com,"Wed, 01 Apr 2026 07:00:00 GMT","{'href': 'https://www.nhl.com', 'title': 'NHL.com'}",hockey+statistics,https://www.nhl.com/news/halo-conference-shows-continued-growth-in-advanced-hockey-analytics,Pete Jensen,Y,Team/League Source
Ten stats that explain why the Stars are on the brink — and why there might still be hope - The New York Times,Ten stats that explain why the Stars are on the brink — and why there might still be hope  The New York Times,"Thu, 30 Apr 2026 07:00:00 GMT","{'href': 'https://www.nytimes.com', 'title': 'The New York Times'}",hockey+statistics,https://www.nytimes.com/athletic/7241997/2026/04/30/dallas-stars-nhl-playoffs-stats-series-wild/,Mark Lazerus,Y,News
NHL EDGE stats behind Robertson’s offensive prowess for Stars - NHL.com,NHL EDGE stats behind Robertson’s offensive prowess for Stars  NHL.com,"Wed, 08 Apr 2026 07:00:00 GMT","{'href': 'https://www.nhl.com', 'title': 'NHL.com'}",hockey+statistics,https://www.nhl.com/news/nhl-edge-stats-jason-robertson-elite-offense-dallas-stars-2026,Fantasy Hockey Staff,N,Team/League Source
How AI is creeping its way into NHL front offices and can become a game changer - New York Post,How AI is creeping its way into NHL front offices and can become a game changer  New York Post,"Mon, 27 Apr 2026 07:00:00 GMT","{'href': 'https://nypost.com', 'title': 'New York Post'}",hockey+statistics,https://nypost.com/2026/04/27/sports/how-ai-is-creeping-its-way-into-nhl-front-offices-and-can-become-a-game-changer/,Ethan Sears,Y,News
Four stats show how Will Smith improved his game in sophomore Sharks season - NBC Sports Bay Area & California,Four stats show how Will Smith improved his game in sophomore Sharks season  NBC Sports Bay Area & California,"Wed, 15 Apr 2026 07:00:00 GMT","{'href': 'https://www.nbcsportsbayarea.com', 'title': 'NBC Sports Bay Area & California'}",hockey+statistics,https://www.nbcsportsbayarea.com/nhl/san-jose-sharks/will-smith-stats/1931367/,Sheng Peng,Y,News
By The Numbers: The Most Telling Islanders Stats Post-Olympics - The Hockey News,By The Numbers: The Most Telling Islanders Stats Post-Olympics  The Hockey News,"Mon, 13 Apr 2026 07:00:00 GMT","{'href': 'https://thehockeynews.com', 'title': 'The Hockey News'}",hockey+statistics,https://thehockeynews.com/nhl/new-york-islanders/latest-news/by-the-numbers-the-most-telling-islanders-stats-post-olympics,Russell Macias,Y,Website
"N.B.'s king of hockey stats, takes his place on the wall - Telegraph-Journal","N.B.'s king of hockey stats, takes his place on the wall  Telegraph-Journal","Mon, 27 Apr 2026 07:00:00 GMT","{'href': 'https://tj.news', 'title': 'Telegraph-Journal'}",hockey+statistics,https://tj.news/new-brunswick/n-b-s-king-of-hockey-stats-takes-his-place-on-the-wall,Randy O'Donnell,Y,Website
"NHL, SAP and HEC Montréal launch free data-driven hockey game to build students’ analytical skills - CityNews Montreal","NHL, SAP and HEC Montréal launch free data-driven hockey game to build students’ analytical skills  CityNews Montreal","Fri, 17 Apr 2026 07:00:00 GMT","{'href': 'https://montreal.citynews.ca', 'title': 'CityNews Montreal'}",hockey+statistics,https://montreal.citynews.ca/2026/04/17/nhl-sap-hec-montreal-hockey-game-skills/,Adriana Gentile,Y,News
Fun end of season statistics about the Canucks - The Canuck Way,Fun end of season statistics about the Canucks  The Canuck Way,"Sat, 11 Apr 2026 07:00:00 GMT","{'href': 'https://thecanuckway.com', 'title': 'The Canuck Way'}",hockey+statistics,https://thecanuckway.com/fun-end-of-season-statistics-about-the-canucks-01knzfktcey7,Robert Tamma,Y,Blog
"The NHL, SAP and HEC Montréal unveil a free game powered by real hockey data - HEC Montréal","The NHL, SAP and HEC Montréal unveil a free game powered by real hockey data  HEC Montréal","Wed, 15 Apr 2026 07:00:00 GMT","{'href': 'https://www.hec.ca', 'title': 'HEC Montréal'}",hockey+statistics,https://www.hec.ca/en/press_room/releases/2026/nhl-sap-hec-montreal-unveil-free-game-powered-by-real-hockey-data.html,HEC Montreal,N,Website
What NHL Edge data reveals about where the Canucks fell short in the 2025-26 season - Canucks Army,What NHL Edge data reveals about where the Canucks fell short in the 2025-26 season  Canucks Army,"Mon, 20 Apr 2026 07:00:00 GMT","{'href': 'https://canucksarmy.com', 'title': 'Canucks Army'}",hockey+statistics,https://canucksarmy.com/news/what-nhl-edge-data-reveals-vancouver-canucks-fell-short-2025-26-season,Jeff Paterson,Y,Blog
7 Stats That Illustrate the Jets’ Regression in 2025-26 - The Hockey Writers,7 Stats That Illustrate the Jets’ Regression in 2025-26  The Hockey Writers,"Tue, 21 Apr 2026 07:00:00 GMT","{'href': 'https://thehockeywriters.com', 'title': 'The Hockey Writers'}",hockey+statistics,https://thehockeywriters.com/winnipeg-jets-seven-stats-illustrating-regression-2025-26/,Declan Schroeder,Y,Website
NHL playoffs: The statistical gap between Eastern and Western goalies has been staggering - The New York Times,NHL playoffs: The statistical gap between Eastern and Western goalies has been staggering  The New York Times,"Wed, 06 May 2026 07:00:00 GMT","{'href': 'https://www.nytimes.com', 'title': 'The New York Times'}",hockey+statistics,https://www.nytimes.com/athletic/7256329/2026/05/06/nhl-playoffs-best-goalies-2026/,Jesse Granger,Y,News
The Stats That Sum Up Just How Miraculous The ‘Miracle On Ice’ Really Was - BroBible,The Stats That Sum Up Just How Miraculous The ‘Miracle On Ice’ Really Was  BroBible,"Tue, 05 May 2026 07:00:00 GMT","{'href': 'https://brobible.com', 'title': 'BroBible'}",hockey+statistics,https://brobible.com/sports/article/miracle-on-ice/,Connor Toole,Y,Website
The NHL Is Missing One of Sports’ Most Interesting Stats - The Hockey Writers,The NHL Is Missing One of Sports’ Most Interesting Stats  The Hockey Writers,"Mon, 11 May 2026 07:00:00 GMT","{'href': 'https://thehockeywriters.com', 'title': 'The Hockey Writers'}",hockey+statistics,https://thehockeywriters.com/the-nhl-is-missing-one-of-sports-most-interesting-stats/,Daniel Amoia,Y,Website
3 Statistics That Explain the Canadiens’ Playoff Success - The Hockey Writers,3 Statistics That Explain the Canadiens’ Playoff Success  The Hockey Writers,"Mon, 18 May 2026 07:00:00 GMT","{'href': 'https://thehockeywriters.com', 'title': 'The Hockey Writers'}",hockey+statistics,https://thehockeywriters.com/3-statistics-that-explain-the-canadiens-playoff-success/,William Bourget,Y,Website
"Durham-based company revolutionizes NHL stats and analysis, Lenovo Center watch parties - WRAL","Durham-based company revolutionizes NHL stats and analysis, Lenovo Center watch parties  WRAL","Tue, 09 Jun 2026 07:00:00 GMT","{'href': 'https://www.wral.com', 'title': 'WRAL'}",hockey+statistics,https://www.wral.com/sports/durham-based-company-revolutionizes-nhl-tracking-june-2026/,Monica Casey,Y,News
Michael McCarron’s Contract Is About More Than Stats - Minnesota Wild - Hockey Wilderness,Michael McCarron’s Contract Is About More Than Stats - Minnesota Wild  Hockey Wilderness,"Mon, 15 Jun 2026 07:00:00 GMT","{'href': 'https://hockeywilderness.com', 'title': 'Hockey Wilderness'}",hockey+statistics,https://hockeywilderness.com/news-rumors/minnesota-wild/michael-mccarrons-contract-is-about-more-than-stats-r31517/,Mikki Tuohy,Y,Website
6 stats to know about the Carolina Hurricanes’ historic 2026 NHL Stanley Cup championship run - Yahoo Sports,6 stats to know about the Carolina Hurricanes’ historic 2026 NHL Stanley Cup championship run  Yahoo Sports,"Mon, 15 Jun 2026 07:00:00 GMT","{'href': 'https://sports.yahoo.com', 'title': 'Yahoo Sports'}",hockey+statistics,https://sports.yahoo.com/articles/6-stats-know-carolina-hurricanes-133032125.html,Zach Mentz,Y,Website
"NHL Scouting Combine less about data, more about humanity - Sportsnet.ca","NHL Scouting Combine less about data, more about humanity  Sportsnet.ca","Fri, 05 Jun 2026 07:00:00 GMT","{'href': 'https://www.sportsnet.ca', 'title': 'Sportsnet.ca'}",hockey+statistics,https://www.sportsnet.ca/nhl/article/nhl-scouting-combine-less-about-data-more-about-humanity/,Justin Bourne,Y,Website
Here are some statistics that show the importance of the Golden Knights winning Game 2 - Vegas Hockey Knight,Here are some statistics that show the importance of the Golden Knights winning Game 2  Vegas Hockey Knight,"Thu, 04 Jun 2026 07:00:00 GMT","{'href': 'https://vegashockeyknight.com', 'title': 'Vegas Hockey Knight'}",hockey+statistics,https://vegashockeyknight.com/here-are-some-statistics-that-show-the-importance-of-the-golden-knights-winning-game-2,Jacob Walters,Y,Blog
Why NHL fans should ignore giveaway and takeaway stats - Oilers Nation,Why NHL fans should ignore giveaway and takeaway stats  Oilers Nation,"Mon, 08 Jun 2026 07:00:00 GMT","{'href': 'https://oilersnation.com', 'title': 'Oilers Nation'}",hockey+statistics,https://oilersnation.com/news/edmonton-oilers-nhl-ignore-giveaway-takeaway-stats,NHL_Sid,N,Blog
The Mitch Marner playoff pattern is real and the stats finally prove it - Hockey Patrol,The Mitch Marner playoff pattern is real and the stats finally prove it  Hockey Patrol,"Sun, 14 Jun 2026 07:00:00 GMT","{'href': 'https://www.hockeypatrol.com', 'title': 'Hockey Patrol'}",hockey+statistics,https://www.hockeypatrol.com/nhl/news/the-mitch-marner-effect-is-real-and-the-stats-prove-it,Charlie McAfee,Y,Website
True Value: An Apples vs Apples Scouting Tool - Arctic Ice Hockey,True Value: An Apples vs Apples Scouting Tool  Arctic Ice Hockey,"Tue, 14 Jul 2026 13:20:00 GMT","{'href': 'https://www.arcticicehockey.com', 'title': 'Arctic Ice Hockey'}",hockey+statistics,https://www.arcticicehockey.com/true-value-an-apples-vs-apples-scouting-tool/,Mullayo,N,Website
"Edmonton Oilers sign up veteran puck-moving d-man, an analytics favourite - Edmonton Journal","Edmonton Oilers sign up veteran puck-moving d-man, an analytics favourite  Edmonton Journal","Wed, 01 Jul 2026 07:00:00 GMT","{'href': 'https://edmontonjournal.com', 'title': 'Edmonton Journal'}",hockey+statistics,https://edmontonjournal.com/sports/hockey/nhl/cult-of-hockey/edmonton-oilers-sign-ryan-shea-to-contract,David Staples,Y,News
Projecting Blue Jackets’ Goalie Stats for 2026-27 - The Hockey Writers,Projecting Blue Jackets’ Goalie Stats for 2026-27  The Hockey Writers,"Tue, 21 Jul 2026 12:45:00 GMT","{'href': 'https://thehockeywriters.com', 'title': 'The Hockey Writers'}",hockey+statistics,https://thehockeywriters.com/projecting-blue-jackets-goalie-stats-for-2026-27/,Wesley Minke,Y,Website
